account length,area code,international plan,voice mail plan,number vmail messages,total day minutes,total day calls,total day charge,total eve minutes,total eve calls,total eve charge,total night minutes,total night calls,total night charge,total intl minutes,total intl calls,total intl charge,complaints,total_calls,total_minutes,total_charges,churn_prob,segment
113,510,0,0,0,155.0,93,26.35,330.6,106,28.1,189.4,123,8.52,13.5,3,3.65,1,322,675.0,62.97,0.16,Dormant
67,415,0,0,0,109.1,117,18.55,217.4,124,18.48,188.4,141,8.48,12.8,6,3.46,0,382,514.9,45.510000000000005,0.01,Dormant
98,415,0,0,0,0.0,0,0.0,159.6,130,13.57,167.1,88,7.52,6.8,1,1.84,4,218,326.7,21.09,0.86,At Risk
147,408,0,0,0,212.8,79,36.18,204.1,91,17.35,156.2,113,7.03,10.2,2,2.75,1,283,573.0999999999999,60.56,0.04,Dormant
96,408,0,0,0,144.0,102,24.48,224.7,73,19.1,227.7,91,10.25,10.0,7,2.7,1,266,596.4,53.83,0.0,Dormant
119,408,0,1,26,132.0,100,22.44,173.3,121,14.73,203.5,108,9.16,11.6,5,3.13,1,329,508.8,46.33,0.02,Dormant
116,510,0,0,0,160.7,69,27.32,146.8,106,12.48,287.8,144,12.95,8.2,5,2.21,0,319,595.3,52.75,0.08,Dormant
114,415,0,1,32,125.2,79,21.28,177.8,105,15.11,232.4,89,10.46,12.9,3,3.48,1,273,535.4,46.85,0.01,Dormant
130,510,0,0,0,203.9,63,34.66,191.8,93,16.3,132.5,125,5.96,12.1,4,3.27,3,281,528.2,56.919999999999995,0.05,Dormant
78,415,0,0,0,147.1,80,25.01,199.7,100,16.97,160.7,106,7.23,13.7,7,3.7,0,286,507.49999999999994,49.21000000000001,0.05,Dormant
182,415,0,0,0,69.1,114,11.75,230.3,109,19.58,256.7,96,11.55,6.5,4,1.76,0,319,556.0999999999999,42.879999999999995,0.09,Dormant
43,415,0,0,0,27.0,117,4.59,160.9,97,13.68,279.5,96,12.58,10.7,3,2.89,3,310,467.4,30.85,0.03,Dormant
152,415,0,0,0,141.5,102,24.06,263.0,94,22.36,207.1,113,9.32,3.4,4,0.92,2,309,611.6,55.74,0.0,Dormant
115,415,0,0,0,286.4,125,48.69,205.7,74,17.48,191.4,141,8.61,6.9,6,1.86,1,340,683.5,74.78,0.93,At Risk
122,510,0,1,33,270.8,96,46.04,220.4,110,18.73,169.9,104,7.65,11.8,8,3.19,4,310,661.1,72.42,0.16,Dormant
69,415,0,0,0,228.2,70,38.79,263.7,80,22.41,142.6,60,6.42,10.7,5,2.89,3,210,634.5,67.62,0.04,Dormant
12,415,0,0,0,204.6,98,34.78,212.5,90,18.06,182.1,95,8.19,9.8,7,2.65,2,283,599.2,61.03,0.0,Dormant
24,408,0,0,0,265.6,86,45.15,208.8,102,17.75,182.5,105,8.21,11.1,6,3.0,2,293,656.9000000000001,71.11,0.32,Loyal
68,408,0,0,0,237.1,105,40.31,223.5,105,19.0,97.4,79,4.38,13.2,2,3.56,1,289,558.0,63.690000000000005,0.1,Dormant
104,408,0,0,0,170.6,97,29.0,162.1,111,13.78,210.7,131,9.48,6.1,1,1.65,1,339,543.4,52.260000000000005,0.08,Dormant
33,415,0,0,0,213.9,88,36.36,239.8,119,20.38,148.7,71,6.69,9.8,14,2.65,2,278,602.4000000000001,63.42999999999999,0.02,Dormant
31,510,0,0,0,165.4,84,28.12,203.7,107,17.31,201.7,65,9.08,8.2,1,2.21,1,256,570.8,54.51,0.02,Dormant
154,408,0,1,35,64.9,76,11.03,184.1,91,15.65,151.6,75,6.82,14.6,1,3.94,1,242,400.6,33.5,0.06,Dormant
48,408,0,0,0,275.2,67,46.78,180.2,108,15.32,159.0,110,7.15,7.9,2,2.13,1,285,614.4,69.25,0.12,Dormant
93,408,0,0,0,114.3,100,19.43,221.1,103,18.79,126.3,88,5.68,10.9,9,2.94,0,291,461.7,43.9,0.0,Dormant
86,510,0,1,29,157.2,118,26.72,196.3,136,16.69,226.7,109,10.2,8.4,5,2.27,3,363,580.2,53.61,0.01,Dormant
101,415,0,1,28,105.9,132,18.0,231.7,107,19.69,281.3,120,12.66,10.7,5,2.89,1,359,618.9000000000001,50.349999999999994,0.04,Dormant
50,408,0,0,0,301.7,82,51.29,167.1,118,14.2,72.2,89,3.25,10.5,6,2.84,1,289,541.0,68.74,0.21,Dormant
74,510,0,1,31,249.4,70,42.4,209.5,59,17.81,180.6,75,8.13,9.9,2,2.67,4,204,639.5,68.33999999999999,0.1,Dormant
165,415,0,0,0,216.6,126,36.82,190.8,104,16.22,224.7,123,10.11,12.4,8,3.35,0,353,632.0999999999999,63.15,0.1,Dormant
92,510,0,1,29,155.4,110,26.42,188.5,104,16.02,254.9,118,11.47,8.0,4,2.16,3,332,598.8,53.91,0.02,Dormant
60,408,0,0,0,220.6,57,37.5,211.1,115,17.94,249.0,129,11.21,6.8,3,1.84,1,301,680.7,66.65,0.07,Dormant
58,510,0,0,0,234.8,89,39.92,106.8,131,9.08,178.5,122,8.03,9.9,6,2.67,0,342,520.1,57.03,0.04,Dormant
105,510,0,0,0,125.4,116,21.32,261.5,95,22.23,241.6,104,10.87,11.4,9,3.08,2,315,628.5,54.419999999999995,0.0,Dormant
163,408,0,0,0,197.0,109,33.49,202.6,128,17.22,206.4,80,9.29,9.1,10,2.46,1,317,606.0,60.0,0.05,Dormant
189,408,0,0,0,227.4,84,38.66,176.0,81,14.96,206.1,120,9.27,6.3,4,1.7,2,285,609.5,62.89,0.07,Dormant
148,408,0,0,0,17.6,121,2.99,161.7,125,13.74,203.1,82,9.14,10.6,6,2.86,1,328,382.4,25.87,0.04,Dormant
93,415,0,1,32,116.9,120,19.87,232.4,97,19.75,127.7,112,5.75,11.0,9,2.97,0,329,477.0,45.370000000000005,0.06,Dormant
78,415,0,0,0,103.5,115,17.6,117.9,102,10.02,201.0,94,9.05,12.0,3,3.24,4,311,422.4,36.67,0.91,At Risk
209,415,0,0,0,227.2,128,38.62,258.4,92,21.96,183.5,74,8.26,8.9,4,2.4,3,294,669.0999999999999,68.84,0.08,Dormant
104,408,0,0,0,138.7,107,23.58,256.9,113,21.84,234.9,74,10.57,10.0,3,2.7,0,294,630.5,55.99,0.01,Dormant
116,415,0,1,17,193.4,112,32.88,240.6,131,20.45,248.1,98,11.16,11.4,3,3.08,5,341,682.1,64.49,0.09,Dormant
142,415,0,0,0,232.5,74,39.53,181.8,142,15.45,203.1,86,9.14,10.4,6,2.81,4,302,617.4,64.12,0.02,Dormant
111,415,0,0,0,255.9,97,43.5,204.1,129,17.35,171.3,84,7.71,12.3,5,3.32,3,310,631.3,68.56,0.05,Dormant
63,408,0,0,0,211.7,107,35.99,271.7,77,23.09,203.3,108,9.15,7.4,7,2.0,0,292,686.7,68.23,0.05,Dormant
94,415,0,0,0,181.3,135,30.82,182.4,108,15.5,180.6,103,8.13,6.7,2,1.81,0,346,544.3000000000001,54.45,0.03,Dormant
93,415,0,0,0,271.1,101,46.09,237.4,133,20.18,145.4,103,6.54,8.4,6,2.27,1,337,653.9,72.81000000000002,0.88,At Risk
174,408,0,1,33,167.8,91,28.53,205.3,91,17.45,130.0,132,5.85,14.5,4,3.92,4,314,503.1,51.830000000000005,0.64,Loyal
47,415,0,1,27,165.0,89,28.05,127.3,118,10.82,284.4,95,12.8,7.7,4,2.08,2,302,576.7,51.67,0.04,Dormant
76,510,0,0,0,186.1,96,31.64,211.6,100,17.99,230.6,100,10.38,8.0,4,2.16,0,296,628.3,60.01,0.02,Dormant
132,415,0,0,0,83.4,110,14.18,232.2,137,19.74,146.7,114,6.6,7.6,5,2.05,1,361,462.3,40.52,0.14,Dormant
98,510,0,0,0,271.4,119,46.14,190.4,102,16.18,284.7,118,12.81,11.1,6,3.0,4,339,746.5,75.13,0.92,At Risk
142,415,0,0,0,84.8,95,14.42,136.7,63,11.62,250.5,148,11.27,14.2,6,3.83,2,306,472.0,37.31,0.14,Dormant
96,415,0,1,23,183.1,88,31.13,147.4,89,12.53,350.2,108,15.76,11.3,7,3.05,1,285,680.7,59.419999999999995,0.06,Dormant
99,408,0,0,0,54.8,92,9.32,173.0,103,14.71,195.1,125,8.78,7.5,3,2.03,1,320,422.9,32.81,0.06,Dormant
168,408,0,0,0,163.4,134,27.78,240.1,87,20.41,164.0,147,7.38,11.6,2,3.13,2,368,567.5,55.57,0.08,Dormant
103,415,0,0,0,129.3,103,21.98,202.8,89,17.24,233.0,126,10.49,12.9,2,3.48,2,318,565.1,49.71,0.04,Dormant
114,415,0,0,0,84.7,118,14.4,249.9,86,21.24,193.4,95,8.7,14.5,8,3.92,1,299,528.0,44.34,0.04,Dormant
147,408,0,0,0,168.6,92,28.66,187.7,107,15.95,216.5,95,9.74,14.4,8,3.89,2,294,572.8,54.35,0.0,Dormant
113,415,0,1,23,205.0,101,34.85,152.0,60,12.92,158.6,59,7.14,10.2,5,2.75,2,220,515.6,54.910000000000004,0.02,Dormant
92,415,1,1,45,281.1,88,47.79,198.0,103,16.83,94.3,76,4.24,7.5,3,2.03,0,267,573.4,68.86,0.19,Dormant
152,415,0,0,0,206.3,98,35.07,292.8,82,24.89,43.7,121,1.97,10.6,4,2.86,1,301,542.8000000000001,61.93,0.05,Dormant
86,415,0,1,38,123.0,158,20.91,133.9,119,11.38,138.2,103,6.22,13.3,4,3.59,1,380,395.09999999999997,38.51,0.04,Dormant
73,415,0,1,31,194.4,104,33.05,176.0,84,14.96,230.1,110,10.35,11.5,3,3.11,0,298,600.5,58.36,0.01,Dormant
71,510,0,0,0,185.0,84,31.45,232.5,129,19.76,191.1,82,8.6,14.9,4,4.02,3,295,608.6,59.81,0.03,Dormant
138,408,0,0,0,241.8,93,41.11,170.5,83,14.49,295.3,104,13.29,11.8,7,3.19,3,280,707.6,68.89,0.16,Dormant
184,408,0,0,0,151.7,93,25.79,178.5,77,15.17,229.1,111,10.31,13.1,8,3.54,2,281,559.3,51.27,0.05,Dormant
164,510,0,1,30,238.8,100,40.6,230.0,121,19.55,206.3,66,9.28,13.2,8,3.56,1,287,675.1,69.43,0.2,Dormant
60,415,1,0,0,205.9,97,35.0,277.4,117,23.58,202.0,139,9.09,11.0,2,2.97,0,353,685.3,67.67,0.64,Loyal
100,510,0,0,0,247.8,117,42.13,130.0,95,11.05,134.3,125,6.04,6.9,2,1.86,1,337,512.1,59.220000000000006,0.06,Dormant
126,415,0,0,0,249.8,96,42.47,261.9,92,22.26,166.8,108,7.51,12.7,4,3.43,3,296,678.5,72.24000000000001,0.76,At Risk
121,415,0,0,0,134.1,112,22.8,195.1,104,16.58,159.6,139,7.18,10.5,2,2.84,2,355,488.79999999999995,46.559999999999995,0.01,Dormant
27,408,0,0,0,201.2,128,34.2,227.2,100,19.31,145.8,91,6.56,8.4,3,2.27,2,319,574.2,60.07000000000001,0.04,Dormant
54,415,0,0,0,272.6,83,46.34,248.7,74,21.14,197.4,111,8.88,9.5,2,2.57,1,268,718.6999999999999,76.36,0.98,At Risk
172,408,0,0,0,212.0,121,36.04,31.2,115,2.65,293.3,78,13.2,12.6,10,3.4,3,314,536.5,51.89,0.11,Dormant
57,415,0,1,37,201.2,76,34.2,280.1,122,23.81,154.2,110,6.94,11.8,1,3.19,1,308,635.5,64.95,0.01,Dormant
125,415,0,0,0,233.3,65,39.66,209.8,93,17.83,210.6,109,9.48,9.1,4,2.46,1,267,653.7,66.97,0.01,Dormant
7,415,0,0,0,206.7,87,35.14,281.1,83,23.89,158.5,77,7.13,11.0,5,2.97,3,247,646.3,66.16,0.02,Dormant
77,408,1,1,44,103.2,117,17.54,236.3,86,20.09,203.5,101,9.16,11.9,2,3.21,0,304,543.0,46.78999999999999,0.68,Loyal
45,415,0,1,22,196.6,84,33.42,313.2,92,26.62,163.3,108,7.35,11.9,3,3.21,0,284,673.0999999999999,67.39,0.02,Dormant
109,415,0,0,0,137.0,128,23.29,217.0,116,18.45,182.1,86,8.19,10.0,5,2.7,2,330,536.1,49.92999999999999,0.05,Dormant
141,415,0,1,37,185.4,87,31.52,178.5,128,15.17,218.3,107,9.82,8.0,3,2.16,4,322,582.2,56.51,0.1,Dormant
72,415,0,0,0,217.8,93,37.03,189.7,113,16.12,182.6,91,8.22,10.4,5,2.81,4,297,590.1,61.370000000000005,0.02,Dormant
90,415,0,0,0,102.0,118,17.34,113.3,134,9.63,188.6,105,8.49,11.4,3,3.08,2,357,403.9,35.46,0.02,Dormant
84,408,0,0,0,86.0,83,14.62,260.7,86,22.16,98.6,109,4.44,8.9,4,2.4,1,278,445.29999999999995,41.22,0.04,Dormant
107,510,0,1,30,198.9,87,33.81,207.0,90,17.6,159.8,76,7.19,12.6,4,3.4,3,253,565.7,58.6,0.03,Dormant
129,415,0,0,0,159.1,100,27.05,202.5,90,17.21,233.1,96,10.49,11.5,6,3.11,2,286,594.7,54.75000000000001,0.01,Dormant
108,408,0,1,15,165.1,85,28.07,267.0,93,22.7,250.7,114,11.28,10.9,4,2.94,1,292,682.8,62.05,0.02,Dormant
120,415,0,0,0,150.6,85,25.6,119.0,128,10.12,232.9,123,10.48,6.4,2,1.73,1,336,502.5,46.2,0.04,Dormant
123,415,1,0,0,125.5,106,21.34,128.9,96,10.96,251.9,129,11.34,6.3,6,1.7,4,331,506.3,43.64,0.73,At Risk
10,408,0,0,0,186.1,112,31.64,190.2,66,16.17,282.8,57,12.73,11.4,6,3.08,2,235,659.0999999999999,60.540000000000006,0.06,Dormant
80,408,0,0,0,322.3,113,54.79,222.0,95,18.87,162.8,123,7.33,6.7,8,1.81,0,331,707.0999999999999,80.99,0.94,At Risk
89,510,0,0,0,303.9,95,51.66,260.9,114,22.18,312.1,89,14.04,5.3,3,1.43,1,298,876.9,87.88,0.91,At Risk
61,415,0,1,15,252.4,106,42.91,187.8,69,15.96,259.6,137,11.68,10.0,3,2.7,2,312,699.8000000000001,70.55,0.06,Dormant
93,510,0,0,0,190.7,114,32.42,218.2,111,18.55,129.6,121,5.83,8.1,3,2.19,3,346,538.5,56.8,0.01,Dormant
159,415,0,0,0,275.8,103,46.89,189.5,108,16.11,223.9,93,10.08,7.4,5,2.0,2,304,689.2,73.08,0.91,At Risk
124,415,0,0,0,251.5,85,42.76,214.2,98,18.21,186.1,71,8.37,11.1,6,3.0,3,254,651.8,69.34,0.08,Dormant
99,408,0,0,0,190.4,102,32.37,158.1,107,13.44,271.5,92,12.22,11.2,4,3.02,2,301,620.0,58.029999999999994,0.01,Dormant
117,408,0,0,0,97.1,98,16.51,228.0,131,19.38,240.0,111,10.8,10.6,3,2.86,1,340,565.1,46.69,0.06,Dormant
159,510,0,0,0,114.8,98,19.52,192.6,101,16.37,259.0,108,11.66,12.2,5,3.29,0,307,566.4,47.55,0.11,Dormant
141,415,0,0,0,160.1,87,27.22,256.7,120,21.82,270.0,107,12.15,7.0,1,1.89,2,314,686.8,61.19,0.03,Dormant
1,415,0,0,0,196.1,107,33.34,296.5,82,25.2,211.5,91,9.52,7.0,2,1.89,1,280,704.1,68.06,0.03,Dormant
98,415,1,0,0,12.5,67,2.13,256.6,90,21.81,169.4,88,7.62,7.7,9,2.08,1,245,438.5,31.56,0.34,Loyal
19,408,0,0,0,186.1,98,31.64,254.3,57,21.62,214.0,127,9.63,14.6,7,3.94,2,282,654.4,62.89000000000001,0.08,Dormant
116,408,0,0,0,146.4,123,24.89,176.6,113,15.01,212.6,102,9.57,7.8,5,2.11,1,338,535.6,49.47,0.01,Dormant
118,408,0,1,23,289.5,52,49.22,166.6,111,14.16,119.1,88,5.36,9.5,4,2.57,1,251,575.2,68.74,0.11,Dormant
85,408,0,0,0,127.9,107,21.74,271.2,124,23.05,202.2,76,9.1,12.5,5,3.38,0,307,601.3,53.89,0.02,Dormant
97,408,0,1,32,168.4,129,28.63,225.9,97,19.2,191.8,95,8.63,8.5,7,2.3,0,321,586.1,56.46,0.07,Dormant
107,408,0,1,36,96.3,83,16.37,179.6,91,15.27,166.3,121,7.48,10.3,2,2.78,1,295,442.2,39.120000000000005,0.1,Dormant
160,415,0,1,29,164.6,121,27.98,262.8,108,22.34,123.8,131,5.57,15.2,4,4.1,1,360,551.1999999999999,55.89,0.06,Dormant
73,415,0,0,0,217.8,91,37.03,220.6,97,18.75,277.3,89,12.48,10.3,6,2.78,1,277,715.7,68.26,0.03,Dormant
56,510,0,0,0,150.9,79,25.65,161.8,87,13.75,167.7,115,7.55,11.7,5,3.16,3,281,480.40000000000003,46.949999999999996,0.04,Dormant
113,415,0,0,0,215.5,129,36.64,218.7,117,18.59,207.1,91,9.32,6.6,9,1.78,4,337,641.3,64.55000000000001,0.07,Dormant
110,408,0,0,0,196.1,103,33.34,199.7,123,16.97,135.9,71,6.12,12.9,1,3.48,3,297,531.6999999999999,56.43,0.02,Dormant
67,510,0,0,0,129.0,78,21.93,188.0,116,15.98,235.0,102,10.58,11.2,3,3.02,2,296,552.0,48.489999999999995,0.05,Dormant
127,510,0,0,0,224.3,112,38.13,185.7,103,15.78,159.4,83,7.17,10.0,1,2.7,2,298,569.4,61.080000000000005,0.05,Dormant
144,415,0,0,0,201.1,99,34.19,303.5,74,25.8,224.0,119,10.08,13.2,2,3.56,1,292,728.6,70.07,0.17,Dormant
109,510,0,0,0,170.7,101,29.02,240.2,82,20.42,119.0,112,5.36,11.4,4,3.08,2,295,529.9,54.8,0.01,Dormant
111,415,0,0,0,284.4,89,48.35,157.0,113,13.35,242.8,91,10.93,8.4,8,2.27,0,293,684.2,72.63,0.81,At Risk
78,415,0,0,0,252.9,93,42.99,178.4,112,15.16,263.9,105,11.88,9.5,7,2.57,3,310,695.2,70.03,0.09,Dormant
128,408,0,0,0,125.2,99,21.28,205.4,107,17.46,254.4,111,11.45,18.9,2,5.1,0,317,585.0,50.19,0.12,Dormant
177,408,0,0,0,189.5,99,32.22,176.3,117,14.99,225.9,112,10.17,14.2,2,3.83,1,328,591.7,57.38,0.02,Dormant
46,415,0,0,0,164.2,116,27.91,196.2,153,16.68,236.1,119,10.62,8.1,1,2.19,1,388,596.5,55.21,0.05,Dormant
48,510,0,0,0,149.2,146,25.36,161.9,109,13.76,197.9,109,8.91,8.3,2,2.24,3,364,509.0,48.03,0.07,Dormant
111,415,0,0,0,246.5,108,41.91,216.3,89,18.39,179.6,99,8.08,12.7,3,3.43,2,296,642.4,68.38,0.02,Dormant
48,415,0,0,0,197.7,64,33.61,136.7,126,11.62,244.4,81,11.0,13.2,5,3.56,4,271,578.8,56.23,0.26,Dormant
119,408,0,0,0,260.1,101,44.22,256.5,68,21.8,229.1,89,10.31,10.0,2,2.7,1,258,745.7,76.33,0.92,At Risk
76,510,1,0,0,246.8,110,41.96,206.3,63,17.54,208.4,123,9.38,13.2,5,3.56,0,296,661.5,68.88,0.64,Loyal
90,408,0,1,30,183.8,76,31.25,229.7,95,19.52,144.1,124,6.48,7.7,3,2.08,1,295,557.6,57.25,0.04,Dormant
97,408,0,1,32,90.0,87,15.3,276.3,113,23.49,185.2,107,8.33,8.6,6,2.32,2,307,551.5,47.12,0.01,Dormant
52,510,0,0,0,148.3,83,25.21,181.6,79,15.44,155.6,104,7.0,8.3,6,2.24,3,266,485.5,47.65,0.02,Dormant
179,408,0,0,0,219.2,92,37.26,149.4,125,12.7,244.7,104,11.01,6.1,5,1.65,0,321,613.3,60.96999999999999,0.08,Dormant
96,510,0,0,0,179.5,125,30.52,162.3,139,13.8,264.5,133,11.9,6.6,2,1.78,1,397,606.3,56.22,0.13,Dormant
83,408,0,0,0,202.3,87,34.39,201.5,111,17.13,101.7,82,4.58,6.8,4,1.84,0,280,505.5,56.099999999999994,0.03,Dormant
105,415,0,0,0,251.6,88,42.77,175.1,103,14.88,184.4,112,8.3,5.4,5,1.46,1,303,611.1,65.95,0.07,Dormant
61,415,0,0,0,197.7,118,33.61,152.2,96,12.94,221.0,93,9.95,7.0,3,1.89,2,307,570.9,56.5,0.02,Dormant
125,415,0,0,0,182.3,64,30.99,139.8,121,11.88,171.6,96,7.72,11.6,7,3.13,2,281,493.70000000000005,50.589999999999996,0.07,Dormant
108,510,0,0,0,138.6,122,23.56,172.3,117,14.65,231.6,92,10.42,9.8,3,2.65,1,331,542.5,48.63,0.01,Dormant
215,510,0,0,0,83.6,148,14.21,120.9,91,10.28,226.6,110,10.2,10.7,9,2.89,0,349,431.1,34.69,0.17,Dormant
108,408,0,1,35,215.9,106,36.7,200.6,107,17.05,195.4,107,8.79,15.5,7,4.19,0,320,611.9,62.54,0.07,Dormant
132,510,0,0,0,99.5,110,16.92,129.1,80,10.97,125.1,124,5.63,9.7,3,2.62,0,314,353.7,33.52,0.04,Dormant
51,415,0,0,0,183.1,99,31.13,160.1,107,13.61,311.8,121,14.03,7.0,3,1.89,1,327,655.0,58.769999999999996,0.1,Dormant
112,415,1,0,0,161.9,138,27.52,200.9,114,17.08,134.0,134,6.03,10.7,4,2.89,1,386,496.8,50.629999999999995,0.18,Dormant
104,408,1,0,0,160.4,73,27.27,293.9,103,24.98,306.6,90,13.8,12.6,5,3.4,4,266,760.9,66.05,0.19,Dormant
105,510,0,0,0,140.6,109,23.9,178.6,51,15.18,217.0,83,9.76,6.8,3,1.84,2,243,536.2,48.839999999999996,0.03,Dormant
88,415,1,0,0,235.1,98,39.97,251.8,79,21.4,285.9,76,12.87,7.2,2,1.94,4,253,772.8,74.24,0.72,At Risk
85,415,0,0,0,210.3,66,35.75,195.8,76,16.64,221.6,82,9.97,11.2,7,3.02,1,224,627.7,62.36,0.01,Dormant
101,510,0,1,17,193.9,71,32.96,189.8,81,16.13,196.3,97,8.83,12.6,7,3.4,0,249,580.0,57.92,0.05,Dormant
64,408,1,0,0,236.2,77,40.15,218.6,85,18.58,194.1,97,8.73,13.2,2,3.56,2,259,648.9,67.46,0.83,At Risk
104,415,0,0,0,118.5,92,20.15,177.8,109,15.11,255.7,98,11.51,12.1,4,3.27,1,299,552.0,46.769999999999996,0.02,Dormant
113,408,0,0,0,158.9,137,27.01,242.8,109,20.64,247.8,97,11.15,6.5,4,1.76,0,343,649.5,58.800000000000004,0.01,Dormant
144,415,0,1,33,251.6,87,42.77,197.6,118,16.8,209.2,97,9.41,12.2,3,3.29,2,302,658.4,68.98,0.0,Dormant
86,408,0,0,0,83.8,121,14.25,240.2,96,20.42,158.6,108,7.14,6.7,8,1.81,1,325,482.6,41.81,0.04,Dormant
138,510,0,0,0,220.2,89,37.43,88.3,125,7.51,195.3,79,8.79,12.9,5,3.48,0,293,503.8,53.73,0.03,Dormant
181,415,1,0,0,161.3,83,27.42,124.4,83,10.57,262.0,98,11.79,14.1,3,3.81,0,264,547.7,49.78,0.79,At Risk
112,510,0,0,0,243.4,77,41.38,182.1,97,15.48,259.2,94,11.66,12.8,2,3.46,1,268,684.7,68.52,0.12,Dormant
135,415,0,0,0,151.7,82,25.79,119.0,105,10.12,180.0,100,8.1,10.5,6,2.84,0,287,450.7,44.01,0.0,Dormant
161,415,1,0,0,156.1,114,26.54,180.3,63,15.33,179.6,115,8.08,11.1,9,3.0,2,292,516.0,49.949999999999996,0.11,Dormant
44,510,0,0,0,143.2,77,24.34,169.8,114,14.43,215.8,77,9.71,7.6,4,2.05,1,268,528.8,48.48,0.03,Dormant
85,415,0,0,0,126.1,112,21.44,274.7,126,23.35,184.4,95,8.3,9.8,4,2.65,1,333,585.1999999999999,53.09,0.01,Dormant
149,510,0,0,0,207.3,115,35.24,198.4,82,16.86,114.1,83,5.13,8.6,4,2.32,1,280,519.8000000000001,57.230000000000004,0.02,Dormant
135,510,0,1,28,201.4,100,34.24,246.5,117,20.95,154.8,131,6.97,12.9,4,3.48,2,348,602.7,62.16,0.05,Dormant
90,415,0,1,24,71.2,82,12.1,181.6,103,15.44,186.9,111,8.41,12.9,1,3.48,1,296,439.70000000000005,35.95,0.09,Dormant
184,510,1,0,0,213.8,105,36.35,159.6,84,13.57,139.2,137,6.26,5.0,10,1.35,2,326,512.5999999999999,56.18,0.18,Dormant
153,408,0,0,0,185.3,127,31.5,208.0,73,17.68,206.1,124,9.27,15.1,3,4.08,1,324,599.4,58.45,0.07,Dormant
83,510,0,1,26,226.4,117,38.49,234.7,97,19.95,133.6,82,6.01,10.8,7,2.92,1,296,594.7,64.45,0.02,Dormant
64,510,0,0,0,154.0,67,26.18,225.8,118,19.19,265.3,86,11.94,3.5,3,0.95,1,271,645.1,57.31,0.06,Dormant
118,408,0,0,0,189.3,119,32.18,233.5,112,19.85,270.9,104,12.19,10.0,1,2.7,2,335,693.7,64.22,0.02,Dormant
148,415,0,1,11,252.9,129,42.99,284.3,88,24.17,262.8,99,11.83,12.3,1,3.32,1,316,800.0,78.99,0.29,Dormant
82,415,0,0,0,300.3,109,51.05,181.0,100,15.39,270.1,73,12.15,11.7,4,3.16,0,282,751.4000000000001,78.59,0.94,At Risk
135,408,0,0,0,155.2,100,26.38,135.9,84,11.55,184.6,82,8.31,3.8,9,1.03,3,266,475.70000000000005,46.24,0.04,Dormant
11,510,0,1,38,209.8,130,35.67,196.6,84,16.71,233.0,79,10.49,7.0,7,1.89,1,293,639.4,62.870000000000005,0.02,Dormant
83,415,0,1,20,95.0,89,16.15,167.9,92,14.27,200.6,79,9.03,11.2,2,3.02,0,260,463.5,39.449999999999996,0.01,Dormant
130,415,0,0,0,155.9,95,26.5,256.1,97,21.77,262.9,103,11.83,11.7,3,3.16,3,295,674.9,60.099999999999994,0.03,Dormant
75,510,0,1,46,214.1,62,36.4,200.9,111,17.08,246.8,126,11.11,9.2,6,2.48,0,299,661.8,64.59,0.13,Dormant
73,415,0,0,0,192.2,86,32.67,168.6,116,14.33,139.8,87,6.29,9.4,6,2.54,1,289,500.59999999999997,53.29,0.0,Dormant
107,510,0,1,31,160.3,45,27.25,221.5,70,18.83,261.6,109,11.77,5.6,1,1.51,1,224,643.4000000000001,57.849999999999994,0.16,Dormant
85,415,1,0,0,197.2,97,33.52,211.7,115,17.99,210.1,133,9.45,8.3,4,2.24,4,345,619.0,60.96000000000001,0.15,Dormant
182,415,0,0,0,279.1,124,47.45,180.5,108,15.34,217.5,104,9.79,9.5,11,2.57,2,336,677.1,72.58000000000001,0.92,At Risk
46,510,0,0,0,250.3,100,42.55,260.6,90,22.15,195.0,104,8.78,13.3,2,3.59,2,294,705.9000000000001,73.47999999999999,0.94,At Risk
85,510,0,1,21,283.2,110,48.14,239.7,108,20.37,149.5,80,6.73,6.3,1,1.7,5,298,672.4,75.24000000000001,0.35,Loyal
58,510,0,0,0,131.9,96,22.42,167.6,107,14.25,205.9,106,9.27,14.7,5,3.97,3,309,505.4,45.94,0.02,Dormant
166,510,0,0,0,204.2,115,34.71,179.9,152,15.29,216.8,109,9.76,9.5,5,2.57,1,376,600.9000000000001,59.76,0.07,Dormant
185,408,0,1,29,151.1,121,25.69,244.7,88,20.8,154.4,91,6.95,13.8,2,3.73,2,300,550.1999999999999,53.440000000000005,0.14,Dormant
86,510,0,0,0,70.7,125,12.02,211.0,113,17.94,174.6,107,7.86,0.0,0,0.0,2,345,456.29999999999995,37.82,0.1,Dormant
130,510,0,1,26,257.2,108,43.72,224.3,122,19.07,204.0,118,9.18,12.6,4,3.4,1,348,685.5,71.97,0.09,Dormant
113,415,0,0,0,61.2,111,10.4,92.3,88,7.85,197.4,114,8.88,13.7,3,3.7,5,313,350.9,27.130000000000003,0.92,At Risk
35,408,0,0,0,138.1,115,23.48,158.2,82,13.45,215.7,118,9.71,10.3,2,2.78,5,315,511.99999999999994,46.64,0.93,At Risk
101,408,0,0,0,239.0,156,40.63,273.0,106,23.21,278.2,93,12.52,13.5,8,3.65,1,355,790.2,76.36,0.78,At Risk
173,415,0,0,0,191.4,114,32.54,168.5,138,14.32,109.3,99,4.92,10.3,3,2.78,1,351,469.2,51.78,0.02,Dormant
91,415,0,1,20,146.1,98,24.84,277.4,104,23.58,137.7,100,6.2,6.2,3,1.67,1,302,561.2,54.620000000000005,0.01,Dormant
96,415,0,1,45,248.8,124,42.3,140.3,77,11.93,263.6,102,11.86,10.3,2,2.78,3,303,652.7,66.09,0.16,Dormant
31,415,0,0,0,97.5,129,16.58,260.4,78,22.13,88.7,100,3.99,7.0,5,1.89,1,307,446.59999999999997,42.699999999999996,0.01,Dormant
180,415,0,0,0,224.9,105,38.23,250.0,101,21.25,216.1,73,9.72,6.7,5,1.81,3,279,691.0,69.2,0.06,Dormant
36,415,0,1,16,149.4,111,25.4,131.8,113,11.2,132.7,87,5.97,6.7,2,1.81,0,311,413.90000000000003,42.56999999999999,0.0,Dormant
48,415,0,0,0,171.9,98,29.22,159.0,127,13.52,139.5,101,6.28,7.6,3,2.05,2,326,470.4,49.019999999999996,0.01,Dormant
142,408,0,1,24,239.8,103,40.77,285.9,65,24.3,256.7,106,11.55,9.5,4,2.57,0,274,782.4000000000001,76.62,0.14,Dormant
85,510,0,0,0,211.5,100,35.96,184.6,88,15.69,164.3,131,7.39,13.3,4,3.59,2,319,560.4000000000001,59.04,0.03,Dormant
103,510,0,1,29,164.1,111,27.9,219.1,96,18.62,220.3,108,9.91,12.3,9,3.32,0,315,603.5,56.42999999999999,0.05,Dormant
69,415,0,0,0,167.5,76,28.48,242.1,92,20.58,101.2,103,4.55,11.4,4,3.08,2,271,510.8,53.61,0.07,Dormant
91,510,0,0,0,231.8,120,39.41,150.6,106,12.8,269.2,129,12.11,11.6,7,3.13,3,355,651.5999999999999,64.32,0.03,Dormant
106,415,0,0,0,114.4,104,19.45,78.3,101,6.66,232.7,78,10.47,0.0,0,0.0,2,283,425.4,36.58,0.03,Dormant
112,415,0,0,0,214.8,112,36.52,209.7,104,17.82,164.4,97,7.4,9.4,5,2.54,3,313,588.9,61.74,0.05,Dormant
185,415,0,1,19,157.3,123,26.74,257.7,94,21.9,190.4,107,8.57,9.6,6,2.59,0,324,605.4,57.21,0.01,Dormant
133,408,0,1,44,174.0,80,29.58,209.4,113,17.8,224.1,87,10.08,14.1,7,3.81,2,280,607.5,57.459999999999994,0.12,Dormant
8,415,0,1,36,242.9,67,41.29,170.9,59,14.53,177.3,130,7.98,4.8,12,1.3,1,256,591.1,63.8,0.19,Dormant
176,415,0,1,23,283.2,130,48.14,162.6,74,13.82,177.7,104,8.0,7.2,6,1.94,1,308,623.5,69.96000000000001,0.09,Dormant
83,415,0,1,25,191.3,95,32.52,250.7,136,21.31,249.4,86,11.22,17.6,5,4.75,2,317,691.4,65.05,0.13,Dormant
79,510,0,1,31,103.1,90,17.53,243.0,135,20.66,76.4,92,3.44,12.2,8,3.29,3,317,422.5,41.629999999999995,0.06,Dormant
153,408,0,0,0,154.6,56,26.28,263.0,84,22.36,367.7,89,16.55,15.5,2,4.19,1,229,785.3,65.19,0.11,Dormant
100,510,0,1,30,58.8,104,10.0,219.5,107,18.66,152.3,118,6.85,7.1,3,1.92,0,329,430.6,35.51,0.09,Dormant
76,415,0,0,0,169.5,77,28.82,124.0,87,10.54,219.4,92,9.87,10.0,3,2.7,0,256,512.9,49.23,0.01,Dormant
58,408,0,1,20,194.5,110,33.07,213.7,89,18.16,236.6,92,10.65,9.5,2,2.57,1,291,644.8,61.88,0.01,Dormant
94,415,0,0,0,181.5,98,30.86,199.9,88,16.99,287.7,114,12.95,6.6,5,1.78,1,300,669.0999999999999,60.8,0.06,Dormant
123,408,0,0,0,236.2,135,40.15,273.9,88,23.28,227.0,77,10.22,10.1,6,2.73,2,300,737.0999999999999,73.65,0.92,At Risk
48,415,0,0,0,190.4,92,32.37,317.5,85,26.99,133.4,113,6.0,8.3,4,2.24,2,290,641.3,65.36,0.0,Dormant
143,510,0,0,0,155.4,112,26.42,290.9,92,24.73,228.4,91,10.28,13.9,5,3.75,1,295,674.6999999999999,61.43000000000001,0.05,Dormant
70,415,0,0,0,232.8,95,39.58,303.4,111,25.79,255.6,104,11.5,12.9,7,3.48,0,310,791.8000000000001,76.87,0.9,At Risk
170,510,1,0,0,259.9,68,44.18,245.0,122,20.83,134.4,121,6.05,8.4,3,2.27,3,311,639.3,71.05999999999999,0.33,Loyal
80,408,0,0,0,209.9,74,35.68,195.1,77,16.58,208.2,119,9.37,8.8,4,2.38,2,270,613.2,61.629999999999995,0.0,Dormant
90,408,0,1,27,156.7,51,26.64,236.5,118,20.1,123.2,111,5.54,12.6,6,3.4,2,280,516.4,52.28,0.03,Dormant
129,415,0,0,0,216.0,85,36.72,186.9,114,15.89,210.7,109,9.48,4.9,10,1.32,2,308,613.5999999999999,62.09,0.08,Dormant
170,415,0,0,0,285.7,44,48.57,167.5,144,14.24,260.0,97,11.7,8.7,4,2.35,1,285,713.2,74.51,0.87,At Risk
108,408,0,1,32,209.5,108,35.62,109.6,64,9.32,189.7,145,8.54,9.1,6,2.46,6,317,508.8,53.48,0.62,Loyal
57,408,0,1,39,213.0,115,36.21,191.1,112,16.24,182.7,115,8.22,9.5,3,2.57,0,342,586.8,60.67,0.09,Dormant
116,415,0,1,44,230.6,94,39.2,224.1,103,19.05,244.0,76,10.98,11.1,2,3.0,0,273,698.7,69.23,0.1,Dormant
119,415,0,0,0,133.4,102,22.68,204.6,71,17.39,196.9,103,8.86,11.1,7,3.0,1,276,534.9,48.93,0.03,Dormant
135,510,0,0,0,246.8,129,41.96,187.8,121,15.96,154.5,109,6.95,12.6,5,3.4,1,359,589.1,64.87,0.04,Dormant
22,408,0,0,0,207.7,116,35.31,210.6,99,17.9,238.2,88,10.72,9.6,5,2.59,0,303,656.5,63.93,0.0,Dormant
117,408,1,0,0,167.1,86,28.41,177.5,87,15.09,249.4,132,11.22,14.1,7,3.81,2,305,594.0,54.72,0.83,At Risk
119,415,0,0,0,231.5,82,39.36,266.9,97,22.69,211.0,118,9.49,7.4,10,2.0,1,297,709.4,71.53999999999999,0.41,Loyal
65,408,0,0,0,187.9,116,31.94,157.6,117,13.4,227.3,86,10.23,7.5,6,2.03,1,319,572.8,55.57000000000001,0.01,Dormant
135,415,0,1,22,197.1,113,33.51,259.4,95,22.05,134.7,135,6.06,14.6,5,3.94,2,343,591.2,61.620000000000005,0.05,Dormant
183,415,0,1,8,86.5,119,14.71,285.2,97,24.24,180.4,133,8.12,8.7,2,2.35,2,349,552.1,47.07,0.15,Dormant
78,415,0,1,25,197.4,73,33.56,295.7,113,25.13,211.7,73,9.53,13.2,2,3.56,0,259,704.8,68.22,0.06,Dormant
127,510,1,0,0,180.9,114,30.75,209.5,118,17.81,249.9,105,11.25,7.4,4,2.0,2,337,640.3,59.81,0.01,Dormant
99,415,0,0,0,200.0,66,34.0,107.9,104,9.17,233.7,82,10.52,11.4,2,3.08,3,252,541.5999999999999,53.69,0.07,Dormant
115,408,0,0,0,147.9,109,25.14,228.4,117,19.41,299.7,90,13.49,9.6,9,2.59,3,316,676.0,58.04,0.04,Dormant
118,415,0,1,24,118.1,83,20.08,109.6,72,9.32,245.5,73,11.05,16.9,2,4.56,1,228,473.2,40.45,0.09,Dormant
112,415,0,0,0,185.4,114,31.52,191.4,119,16.27,144.0,78,6.48,10.0,11,2.7,2,311,520.8,54.269999999999996,0.05,Dormant
160,510,0,0,0,121.8,97,20.71,89.3,97,7.59,150.7,92,6.78,10.3,5,2.78,1,286,361.79999999999995,35.08,0.05,Dormant
140,408,0,0,0,149.8,134,25.47,164.4,98,13.97,294.7,124,13.26,8.1,2,2.19,1,356,608.9000000000001,52.699999999999996,0.05,Dormant
83,415,0,1,30,272.5,105,46.33,253.0,83,21.51,180.8,123,8.14,8.7,6,2.35,3,311,706.3,75.98,0.18,Dormant
225,415,0,0,0,165.4,106,28.12,273.7,109,23.26,210.0,93,9.45,8.7,3,2.35,0,308,649.1,60.83,0.01,Dormant
120,415,0,1,31,153.5,83,26.1,219.1,96,18.62,237.4,76,10.68,11.4,4,3.08,0,255,610.0,55.4,0.01,Dormant
113,415,0,1,23,149.0,104,25.33,235.8,67,20.04,201.8,76,9.08,9.5,5,2.57,4,247,586.6,54.449999999999996,0.17,Dormant
63,415,0,1,33,184.2,111,31.31,312.6,89,26.57,264.0,55,11.88,12.2,4,3.29,1,255,760.8,69.75999999999999,0.03,Dormant
86,510,0,0,0,141.3,72,24.02,154.3,95,13.12,210.6,91,9.48,8.2,5,2.21,1,258,506.20000000000005,46.620000000000005,0.01,Dormant
136,415,0,1,31,143.1,88,24.33,236.6,65,20.11,227.8,120,10.25,11.4,5,3.08,2,273,607.5,54.69,0.05,Dormant
107,510,0,1,28,201.8,79,34.31,304.9,128,25.92,225.6,133,10.15,11.9,8,3.21,1,340,732.3,70.38000000000001,0.08,Dormant
131,408,0,0,0,240.9,108,40.95,167.4,91,14.23,322.2,109,14.5,14.7,8,3.97,3,308,730.5,69.68,0.2,Dormant
99,510,1,1,39,126.8,94,21.56,293.6,115,24.96,174.1,91,7.83,8.4,4,2.27,0,300,594.5,54.349999999999994,0.12,Dormant
93,415,0,0,0,190.2,68,32.33,262.2,64,22.29,130.0,92,5.85,8.8,4,2.38,0,224,582.4,60.47,0.01,Dormant
90,415,0,0,0,205.7,138,34.97,161.9,83,13.76,269.7,104,12.14,12.5,6,3.38,2,325,637.3,60.87,0.0,Dormant
112,415,0,0,0,174.3,123,29.63,140.2,124,11.92,215.4,89,9.69,9.0,6,2.43,4,336,529.9,51.239999999999995,0.83,At Risk
116,510,0,0,0,189.5,90,32.22,189.8,118,16.13,205.8,83,9.26,13.1,2,3.54,1,291,585.1,57.60999999999999,0.02,Dormant
116,408,0,0,0,173.5,93,29.5,194.1,76,16.5,208.0,112,9.36,16.2,10,4.37,3,281,575.6,55.36,0.06,Dormant
106,415,0,1,31,197.4,125,33.56,123.4,110,10.49,115.6,101,5.2,12.3,4,3.32,3,336,436.4,49.25000000000001,0.05,Dormant
169,408,0,0,0,266.7,105,45.34,158.2,88,13.45,287.7,111,12.95,13.8,3,3.73,3,304,712.5999999999999,71.74000000000001,0.79,At Risk
111,408,0,0,0,99.3,112,16.88,270.5,136,22.99,225.3,94,10.14,9.0,6,2.43,3,342,595.1,50.01,0.0,Dormant
160,415,0,0,0,176.2,90,29.95,196.0,115,16.66,263.9,95,11.88,9.2,4,2.48,1,300,636.0999999999999,58.49,0.03,Dormant
115,510,0,1,16,133.3,110,22.66,185.7,111,15.78,161.5,113,7.27,5.6,4,1.51,2,334,480.5,45.709999999999994,0.06,Dormant
112,415,0,1,22,181.8,110,30.91,228.1,123,19.39,262.7,141,11.82,9.2,4,2.48,2,374,672.5999999999999,62.12,0.02,Dormant
62,408,0,0,0,321.1,105,54.59,265.5,122,22.57,180.5,72,8.12,11.5,2,3.11,4,299,767.1,85.28,0.91,At Risk
62,415,0,0,0,120.7,70,20.52,307.2,76,26.11,203.0,99,9.14,13.1,6,3.54,4,245,630.9,55.769999999999996,0.21,Dormant
55,415,0,0,0,132.0,103,22.44,279.6,114,23.77,180.0,74,8.1,13.5,4,3.65,0,291,591.6,54.31,0.14,Dormant
65,415,0,0,0,116.8,87,19.86,178.9,93,15.21,182.4,150,8.21,14.1,2,3.81,1,330,478.1,43.28,0.12,Dormant
119,510,1,1,22,172.1,119,29.26,223.6,133,19.01,150.0,94,6.75,13.9,20,3.75,1,346,545.7,55.02,0.87,At Risk
124,415,0,0,0,254.3,113,43.23,78.9,104,6.71,153.2,69,6.89,11.8,2,3.19,2,286,486.40000000000003,56.83,0.05,Dormant
185,415,1,1,30,154.1,114,26.2,118.7,106,10.09,258.4,105,11.63,12.9,3,3.48,2,325,531.2,47.92,0.27,Dormant
102,408,0,0,0,273.2,85,46.44,211.1,82,17.94,203.7,129,9.17,13.1,7,3.54,2,296,688.0,73.55,0.91,At Risk
146,510,1,0,0,204.4,135,34.75,219.1,90,18.62,222.7,114,10.02,10.5,6,2.84,3,339,646.2,63.39,0.05,Dormant
140,415,0,0,0,120.3,108,20.45,240.4,84,20.43,216.4,74,9.74,7.7,3,2.08,4,266,577.1,50.62,0.84,At Risk
48,510,0,0,0,128.2,71,21.79,48.1,78,4.09,116.3,80,5.23,8.9,3,2.4,0,229,292.59999999999997,31.11,0.11,Dormant
118,408,1,1,21,156.5,122,26.61,209.2,125,17.78,158.7,81,7.14,11.1,3,3.0,4,328,524.4,51.53,0.57,Loyal
101,415,1,0,0,133.5,51,22.7,219.6,96,18.67,210.0,74,9.45,11.7,4,3.16,1,221,563.1,50.82000000000001,0.11,Dormant
27,510,0,0,0,232.1,81,39.46,210.8,101,17.92,165.4,87,7.44,15.0,6,4.05,5,269,608.3,64.82000000000001,0.1,Dormant
149,408,0,1,28,180.7,92,30.72,187.8,64,15.96,265.5,53,11.95,12.6,3,3.4,3,209,634.0,58.629999999999995,0.04,Dormant
151,510,0,0,0,235.9,104,40.1,80.6,91,6.85,212.8,116,9.58,5.8,2,1.57,3,311,529.3,56.53,0.15,Dormant
46,408,0,0,0,139.4,81,23.7,223.7,113,19.01,173.1,77,7.79,13.6,6,3.67,1,271,536.2,50.5,0.09,Dormant
53,415,0,0,0,205.1,86,34.87,160.5,95,13.64,149.5,142,6.73,10.7,2,2.89,3,323,515.1,55.239999999999995,0.03,Dormant
78,415,0,0,0,155.0,106,26.35,175.3,101,14.9,155.6,125,7.0,11.8,5,3.19,2,332,485.9,48.25,0.01,Dormant
152,510,0,1,20,214.6,108,36.48,96.6,82,8.21,170.7,145,7.68,7.9,5,2.13,1,335,481.9,52.37,0.04,Dormant
81,415,0,0,0,153.5,99,26.1,197.6,102,16.8,198.5,86,8.93,6.3,2,1.7,2,287,549.6,51.830000000000005,0.0,Dormant
113,408,0,1,34,44.9,63,7.63,134.2,82,11.41,168.4,118,7.58,13.3,3,3.59,1,263,347.5,26.619999999999997,0.14,Dormant
97,415,1,0,0,143.7,117,24.43,273.0,82,23.21,178.3,81,8.02,10.9,3,2.94,0,280,595.0,55.66,0.17,Dormant
34,415,0,0,0,193.7,74,32.93,126.9,84,10.79,221.2,166,9.95,8.8,4,2.38,0,324,541.8,53.67,0.05,Dormant
79,415,0,1,17,167.9,114,28.54,243.7,93,20.71,211.9,114,9.54,9.1,2,2.46,1,321,623.5,58.79,0.0,Dormant
177,408,0,0,0,175.4,99,29.82,155.3,83,13.2,179.4,86,8.07,11.5,3,3.11,1,268,510.1,51.089999999999996,0.0,Dormant
55,510,0,0,0,119.7,148,20.35,231.8,96,19.7,222.3,113,10.0,4.6,2,1.24,2,357,573.8,50.05,0.09,Dormant
130,510,0,0,0,154.2,119,26.21,110.2,98,9.37,227.4,117,10.23,9.2,5,2.48,2,334,491.79999999999995,45.81,0.02,Dormant
113,415,0,0,0,215.9,93,36.7,240.1,85,20.41,156.7,123,7.05,4.9,5,1.32,3,301,612.7,64.16,0.06,Dormant
78,510,0,0,0,168.3,110,28.61,221.2,73,18.8,241.0,136,10.85,12.5,1,3.38,1,319,630.5,58.26,0.06,Dormant
115,415,0,0,0,245.2,105,41.68,159.0,109,13.52,229.9,74,10.35,7.2,8,1.94,0,288,634.1,65.55,0.03,Dormant
92,415,0,0,0,197.2,113,33.52,242.3,116,20.6,192.0,76,8.64,11.0,5,2.97,2,305,631.5,62.760000000000005,0.02,Dormant
54,510,0,0,0,210.5,102,35.79,204.5,83,17.38,127.8,53,5.75,8.5,5,2.3,1,238,542.8,58.92,0.03,Dormant
57,415,0,0,0,158.1,117,26.88,115.2,149,9.79,182.4,92,8.21,11.8,7,3.19,0,358,455.70000000000005,44.88,0.02,Dormant
39,415,0,0,0,295.4,126,50.22,232.1,117,19.73,204.4,123,9.2,11.5,2,3.11,1,366,731.9,79.15,0.98,At Risk
138,510,0,1,21,19.5,149,3.32,140.9,109,11.98,179.7,111,8.09,7.9,1,2.13,0,369,340.1,23.39,0.1,Dormant
93,408,0,0,0,164.5,95,27.97,230.9,87,19.63,149.9,91,6.75,9.9,3,2.67,4,273,545.3,54.349999999999994,0.25,Dormant
102,408,0,1,29,214.7,86,36.5,314.3,109,26.72,280.2,110,12.61,14.3,2,3.86,0,305,809.2,75.83,0.19,Dormant
189,415,0,1,30,155.2,116,26.38,195.5,50,16.62,170.1,108,7.65,15.4,6,4.16,1,274,520.8,50.65,0.07,Dormant
25,408,0,0,0,178.8,90,30.4,141.2,72,12.0,203.0,99,9.14,8.4,5,2.27,2,261,523.0,51.54,0.07,Dormant
67,415,1,0,0,120.9,58,20.55,235.0,88,19.98,95.1,130,4.28,11.4,11,3.08,2,276,451.0,44.81,0.22,Dormant
102,510,1,0,0,233.8,103,39.75,221.6,131,18.84,146.9,106,6.61,12.8,3,3.46,0,340,602.3,65.2,0.13,Dormant
105,408,0,0,0,270.9,98,46.05,226.2,110,19.23,178.8,60,8.05,8.8,5,2.38,0,268,675.9,73.33,0.92,At Risk
69,408,0,0,0,185.3,91,31.5,219.1,88,18.62,243.6,107,10.96,5.5,5,1.49,0,286,648.0,61.080000000000005,0.02,Dormant
46,408,0,0,0,210.2,92,35.73,227.3,77,19.32,200.1,116,9.0,13.1,7,3.54,1,285,637.6,64.05,0.05,Dormant
61,415,0,1,20,254.4,133,43.25,161.7,96,13.74,251.4,91,11.31,10.5,4,2.84,0,320,667.5,68.3,0.03,Dormant
86,408,0,0,0,126.3,115,21.47,168.8,112,14.35,154.6,95,6.96,9.8,7,2.65,2,322,449.70000000000005,42.78,0.03,Dormant
51,415,0,0,0,180.5,88,30.69,134.7,102,11.45,170.7,97,7.68,10.0,3,2.7,2,287,485.9,49.82,0.02,Dormant
177,408,0,0,0,227.8,81,38.73,161.8,97,13.75,217.0,106,9.76,8.0,5,2.16,1,284,606.6,62.239999999999995,0.02,Dormant
126,415,1,0,0,239.7,87,40.75,281.7,92,23.94,183.5,113,8.26,11.4,1,3.08,1,292,704.9,72.95,0.94,At Risk
97,415,0,0,0,146.0,121,24.82,203.0,141,17.26,151.8,120,6.83,13.3,2,3.59,1,382,500.8,48.91,0.06,Dormant
78,415,1,0,0,236.8,141,40.26,265.3,101,22.55,152.4,77,6.86,9.5,2,2.57,1,319,654.5,69.67,0.62,Loyal
124,510,0,0,0,184.8,74,31.42,175.1,84,14.88,158.2,95,7.12,10.5,6,2.84,1,253,518.0999999999999,53.42,0.01,Dormant
113,415,0,0,0,187.6,97,31.89,208.2,118,17.7,158.9,101,7.15,8.7,6,2.35,2,316,554.6999999999999,56.74,0.0,Dormant
157,408,0,0,0,229.8,90,39.07,147.9,121,12.57,241.4,108,10.86,9.6,7,2.59,3,319,619.1,62.5,0.0,Dormant
115,415,0,0,0,245.0,97,41.65,250.7,75,21.31,270.2,124,12.16,13.7,8,3.7,1,296,765.9,75.11999999999999,0.87,At Risk
122,408,0,0,0,231.2,141,39.3,267.8,136,22.76,240.3,100,10.81,8.8,5,2.38,1,377,739.3,72.87,0.82,At Risk
70,510,1,0,0,226.7,98,38.54,228.1,115,19.39,73.2,93,3.29,17.6,4,4.75,2,306,528.0,61.22,0.75,At Risk
112,415,1,1,16,200.3,72,34.05,197.8,91,16.81,151.1,92,6.8,10.4,3,2.81,1,255,549.2,57.66,0.04,Dormant
58,415,0,1,30,178.1,111,30.28,236.7,109,20.12,264.0,118,11.88,8.4,2,2.27,0,338,678.8,62.28000000000001,0.04,Dormant
105,415,0,0,0,101.4,48,17.24,159.1,119,13.52,259.2,53,11.66,12.2,2,3.29,1,220,519.7,42.42,0.06,Dormant
137,510,0,0,0,147.2,119,25.02,192.8,91,16.39,172.7,105,7.77,10.2,4,2.75,1,315,512.7,49.17999999999999,0.07,Dormant
110,408,0,0,0,222.7,94,37.86,105.8,98,8.99,214.8,78,9.67,13.5,4,3.65,1,270,543.3,56.52,0.06,Dormant
147,408,1,1,35,157.5,109,26.78,189.6,67,16.12,227.0,76,10.22,11.1,2,3.0,3,252,574.1,53.120000000000005,0.69,Loyal
143,510,0,0,0,194.3,99,33.03,123.6,133,10.51,229.5,99,10.33,10.2,2,2.75,2,331,547.4,53.87,0.02,Dormant
126,415,0,0,0,190.9,143,32.45,149.7,72,12.72,191.4,87,8.61,13.0,3,3.51,1,302,532.0,53.78,0.02,Dormant
23,510,0,1,31,156.6,84,26.62,161.5,96,13.73,294.6,107,13.26,9.4,6,2.54,1,287,612.7,53.61,0.07,Dormant
131,415,0,0,0,211.8,115,36.01,260.5,102,22.14,144.2,96,6.49,10.8,7,2.92,0,313,616.5,64.64,0.03,Dormant
115,415,0,0,0,166.5,111,28.31,236.2,98,20.08,205.6,92,9.25,15.6,2,4.21,1,301,608.3,57.64,0.01,Dormant
56,415,0,1,30,127.1,89,21.61,172.1,116,14.63,194.6,111,8.76,12.1,3,3.27,1,316,493.79999999999995,45.0,0.06,Dormant
72,408,0,1,39,92.8,98,15.78,271.2,115,23.05,167.1,83,7.52,5.8,7,1.57,1,296,531.1,46.349999999999994,0.01,Dormant
59,408,0,1,28,120.9,97,20.55,213.0,92,18.11,163.1,116,7.34,8.5,5,2.3,2,305,497.0,46.0,0.03,Dormant
79,415,0,0,0,177.9,83,30.24,167.3,84,14.22,223.7,142,10.07,15.2,8,4.1,0,309,568.9000000000001,54.53,0.1,Dormant
136,415,0,0,0,250.2,121,42.53,267.1,118,22.7,151.0,114,6.8,13.0,2,3.51,1,353,668.3,72.03,0.66,Loyal
140,415,0,0,0,160.5,114,27.29,240.5,103,20.44,233.5,121,10.51,11.3,4,3.05,1,338,634.5,58.24,0.03,Dormant
133,510,1,0,0,127.3,108,21.64,251.3,81,21.36,135.0,88,6.08,10.3,3,2.78,1,277,513.6,49.08,0.21,Dormant
52,415,0,1,32,130.1,68,22.12,247.2,77,21.01,289.4,87,13.02,13.5,5,3.65,2,232,666.6999999999999,56.150000000000006,0.1,Dormant
59,415,0,0,0,204.3,65,34.73,247.3,123,21.02,214.7,94,9.66,12.0,4,3.24,1,282,666.3,65.41,0.0,Dormant
141,510,0,1,22,215.4,123,36.62,328.7,98,27.94,160.5,89,7.22,7.8,6,2.11,1,310,704.6,71.78,0.19,Dormant
91,415,0,0,0,190.5,128,32.39,205.5,103,17.47,130.7,63,5.88,13.8,5,3.73,0,294,526.7,55.74,0.07,Dormant
86,415,0,0,0,128.3,121,21.81,197.1,93,16.75,138.4,152,6.23,12.2,5,3.29,7,366,463.79999999999995,44.790000000000006,0.82,At Risk
106,415,0,0,0,207.9,91,35.34,172.0,109,14.62,191.8,143,8.63,14.4,7,3.89,4,343,571.7,58.59,0.14,Dormant
115,415,1,0,0,180.0,119,30.6,198.8,126,16.9,217.1,70,9.77,12.4,3,3.35,1,315,595.9,57.269999999999996,0.05,Dormant
105,415,0,0,0,273.8,97,46.55,289.7,106,24.62,269.1,126,12.11,5.8,3,1.57,2,329,832.6,83.28,0.92,At Risk
58,408,0,1,39,211.9,40,36.02,274.4,76,23.32,210.5,139,9.47,5.4,4,1.46,1,255,696.8,68.81,0.14,Dormant
107,415,0,0,0,206.9,79,35.17,262.4,117,22.3,149.3,69,6.72,10.7,3,2.89,0,265,618.5999999999999,64.19,0.0,Dormant
66,415,0,1,29,229.4,104,39.0,257.4,84,21.88,231.5,119,10.42,8.0,1,2.16,2,307,718.3,71.3,0.13,Dormant
67,415,1,1,35,181.1,59,30.79,215.9,116,18.35,216.3,106,9.73,16.9,4,4.56,0,281,613.3,58.870000000000005,0.84,At Risk
27,408,0,0,0,82.6,105,14.04,204.0,99,17.34,224.2,122,10.09,9.1,4,2.46,1,326,510.8,41.47,0.04,Dormant
83,510,0,0,0,132.4,120,22.51,121.6,101,10.34,197.7,84,8.9,8.6,2,2.32,1,305,451.7,41.75,0.02,Dormant
110,408,0,0,0,162.0,81,27.54,247.5,89,21.04,155.5,99,7.0,8.9,8,2.4,0,269,565.0,55.58,0.0,Dormant
105,415,0,1,31,109.6,108,18.63,249.3,119,21.19,321.2,101,14.45,8.3,4,2.24,4,328,680.0999999999999,54.269999999999996,0.32,Loyal
117,510,0,0,0,214.4,94,36.45,138.0,149,11.73,148.7,102,6.69,9.9,1,2.67,2,345,501.09999999999997,54.870000000000005,0.01,Dormant
92,415,0,1,29,201.3,130,34.22,203.7,115,17.31,129.9,113,5.85,6.4,6,1.73,1,358,534.9,57.38,0.01,Dormant
65,415,1,0,0,277.9,123,47.24,155.8,112,13.24,256.9,71,11.56,9.2,10,2.48,0,306,690.5999999999999,72.04,0.76,At Risk
129,408,0,0,0,161.3,122,27.42,220.6,95,18.75,224.7,104,10.11,9.6,3,2.59,1,321,606.5999999999999,56.28,0.0,Dormant
65,415,0,0,0,148.7,80,25.28,259.0,94,22.02,149.5,107,6.73,12.7,6,3.43,2,281,557.2,54.03,0.02,Dormant
90,415,0,1,42,193.3,66,32.86,263.3,85,22.38,214.4,97,9.65,11.1,4,3.0,0,248,671.0,64.89,0.07,Dormant
85,510,1,0,0,216.0,73,36.72,188.2,117,16.0,147.1,98,6.62,3.6,7,0.97,2,288,551.3,59.339999999999996,0.06,Dormant
128,415,0,1,25,265.1,110,45.07,197.4,99,16.78,244.7,91,11.01,10.0,3,2.7,1,300,707.2,72.86,0.17,Dormant
65,415,0,0,0,111.0,51,18.87,219.8,84,18.68,202.0,89,9.09,4.4,14,1.19,1,224,532.8,46.64,0.07,Dormant
85,415,0,1,29,144.6,97,24.58,140.0,102,11.9,165.4,148,7.44,10.9,3,2.94,1,347,450.0,43.919999999999995,0.02,Dormant
105,408,0,0,0,232.6,96,39.54,253.4,117,21.54,154.0,101,6.93,10.5,9,2.84,1,314,640.0,68.00999999999999,0.01,Dormant
1,408,0,0,0,175.2,74,29.78,151.7,79,12.89,230.5,109,10.37,5.3,3,1.43,1,262,557.4,53.04,0.08,Dormant
132,415,0,0,0,197.8,66,33.63,133.9,119,11.38,177.3,94,7.98,10.9,3,2.94,4,279,509.00000000000006,52.99000000000001,0.66,Loyal
112,510,0,0,0,217.1,76,36.91,205.2,100,17.44,185.7,91,8.36,9.4,3,2.54,2,267,608.0,62.709999999999994,0.01,Dormant
70,415,0,1,31,125.9,101,21.4,196.4,102,16.69,252.7,75,11.37,10.3,4,2.78,1,278,575.0,49.46,0.02,Dormant
61,415,1,1,29,128.2,119,21.79,171.7,83,14.59,250.9,114,11.29,11.7,6,3.16,3,316,550.8,47.669999999999995,0.09,Dormant
144,510,1,0,0,203.5,100,34.6,247.6,103,21.05,194.3,94,8.74,11.9,11,3.21,0,297,645.4000000000001,64.39,0.02,Dormant
89,415,0,0,0,89.5,66,15.22,179.3,104,15.24,225.1,116,10.13,12.3,1,3.32,3,286,493.9,40.59,0.11,Dormant
81,415,0,1,33,161.6,117,27.47,123.0,90,10.46,261.3,101,11.76,12.2,5,3.29,1,308,545.9000000000001,49.69,0.02,Dormant
101,415,0,0,0,206.6,105,35.12,224.9,117,19.12,249.9,100,11.25,14.6,3,3.94,0,322,681.4,65.49,0.03,Dormant
83,415,0,0,0,195.0,92,33.15,210.5,83,17.89,180.6,92,8.13,11.0,13,2.97,0,267,586.1,59.17,0.02,Dormant
157,415,1,0,0,180.4,123,30.67,194.0,98,16.49,227.3,88,10.23,8.4,5,2.27,0,309,601.7,57.39,0.03,Dormant
151,415,0,1,26,196.5,98,33.41,175.8,111,14.94,221.8,124,9.98,13.4,5,3.62,0,333,594.1,58.33,0.08,Dormant
107,510,1,0,0,234.1,91,39.8,163.1,105,13.86,282.5,100,12.71,10.0,3,2.7,1,296,679.7,66.37,0.09,Dormant
123,415,0,0,0,128.7,126,21.88,117.6,94,10.0,198.4,132,8.93,10.8,5,2.92,0,352,444.7,40.81,0.03,Dormant
145,408,0,1,43,257.7,97,43.81,162.1,95,13.78,286.9,86,12.91,11.1,4,3.0,2,278,706.6999999999999,70.5,0.11,Dormant
70,415,0,0,0,152.8,145,25.98,183.6,102,15.61,151.8,75,6.83,10.5,2,2.84,1,322,488.2,48.42,0.02,Dormant
124,415,0,1,28,251.4,104,42.74,225.1,89,19.13,251.9,121,11.34,7.5,5,2.03,1,314,728.4,73.21000000000001,0.18,Dormant
77,510,0,1,28,135.9,117,23.1,244.5,102,20.78,207.5,74,9.34,11.5,3,3.11,4,293,587.9,53.22,0.54,Loyal
151,510,0,0,0,156.4,108,26.59,233.4,118,19.84,195.7,141,8.81,7.7,6,2.08,4,367,585.5,55.24,0.21,Dormant
117,415,0,0,0,168.8,137,28.7,241.4,107,20.52,204.8,106,9.22,15.5,4,4.19,0,350,615.0,58.44,0.04,Dormant
174,510,0,0,0,235.5,108,40.04,142.3,143,12.1,316.7,131,14.25,12.5,5,3.38,0,382,694.5,66.39,0.09,Dormant
111,415,0,0,0,222.2,96,37.77,162.5,111,13.81,184.9,120,8.32,11.9,7,3.21,4,327,569.6,59.900000000000006,0.06,Dormant
12,408,0,0,0,249.6,118,42.43,252.4,119,21.45,280.2,90,12.61,11.8,3,3.19,1,327,782.2,76.49,0.87,At Risk
70,408,0,0,0,232.1,122,39.46,292.3,112,24.85,201.2,112,9.05,0.0,0,0.0,3,346,725.5999999999999,73.36,0.8,At Risk
103,415,0,1,31,185.4,105,31.52,197.6,126,16.8,147.1,110,6.62,14.5,4,3.92,2,341,530.1,54.94,0.03,Dormant
172,415,0,0,0,211.7,100,35.99,198.7,101,16.89,301.7,136,13.58,6.5,9,1.76,1,337,712.0999999999999,66.46000000000001,0.1,Dormant
55,408,1,0,0,221.0,115,37.57,165.4,97,14.06,235.4,117,10.59,9.7,4,2.62,1,329,621.8,62.22,0.08,Dormant
51,510,0,0,0,214.8,94,36.52,149.7,58,12.72,283.4,66,12.75,10.2,5,2.75,0,218,647.9,61.99,0.03,Dormant
52,510,0,1,38,169.3,88,28.78,225.9,97,19.2,172.0,86,7.74,8.2,3,2.21,0,271,567.2,55.720000000000006,0.06,Dormant
75,510,0,1,38,163.6,132,27.81,146.7,113,12.47,345.8,115,15.56,13.1,3,3.54,3,360,656.0999999999999,55.84,0.06,Dormant
107,415,0,1,14,114.3,132,19.43,199.8,91,16.98,194.7,74,8.76,7.5,8,2.03,1,297,508.8,45.169999999999995,0.03,Dormant
100,415,0,0,0,113.3,96,19.26,197.9,89,16.82,284.5,93,12.8,11.7,2,3.16,4,278,595.7,48.879999999999995,0.78,At Risk
116,408,0,0,0,133.3,94,22.66,247.8,126,21.06,219.0,78,9.86,11.3,5,3.05,5,298,600.1,53.58,0.62,Loyal
65,415,0,0,0,245.7,139,41.77,241.9,113,20.56,285.3,117,12.84,4.2,5,1.13,4,369,772.9000000000001,75.17,0.63,Loyal
133,510,0,0,0,227.4,90,38.66,73.2,135,6.22,114.3,99,5.14,4.7,7,1.27,0,324,414.90000000000003,50.019999999999996,0.18,Dormant
88,415,0,1,17,219.5,78,37.32,222.1,94,18.88,188.3,92,8.47,16.1,5,4.35,1,264,629.9000000000001,64.67,0.02,Dormant
59,510,0,0,0,166.3,95,28.27,239.3,87,20.34,123.2,108,5.54,10.0,3,2.7,2,290,528.8000000000001,54.15,0.0,Dormant
124,510,0,0,0,157.5,70,26.78,130.7,79,11.11,193.4,98,8.7,9.6,4,2.59,3,247,481.6,46.59,0.03,Dormant
59,510,0,1,29,133.1,114,22.63,221.2,82,18.8,131.6,103,5.92,6.8,3,1.84,1,299,485.9,47.35,0.03,Dormant
95,510,0,0,0,157.3,116,26.74,197.5,77,16.79,128.2,111,5.77,8.4,4,2.27,2,304,483.0,49.3,0.01,Dormant
56,510,0,0,0,164.3,92,27.93,233.7,107,19.86,187.3,104,8.43,11.8,1,3.19,2,303,585.3,56.22,0.03,Dormant
123,510,0,0,0,194.0,118,32.98,242.0,114,20.57,146.3,108,6.58,12.1,4,3.27,1,340,582.3,60.129999999999995,0.01,Dormant
137,408,1,0,0,258.0,112,43.86,246.5,117,20.95,173.2,100,7.79,10.9,3,2.94,0,329,677.7,72.60000000000001,0.68,Loyal
180,415,0,0,0,143.5,121,24.4,189.3,111,16.09,174.9,82,7.87,8.8,5,2.38,3,314,507.70000000000005,48.35999999999999,0.05,Dormant
90,415,0,0,0,198.5,124,33.75,266.6,100,22.66,243.3,80,10.95,8.0,7,2.16,2,304,708.4000000000001,67.36,0.1,Dormant
164,510,0,0,0,160.6,111,27.3,163.2,126,13.87,187.1,112,8.42,9.0,3,2.43,1,349,510.9,49.59,0.01,Dormant
67,510,0,0,0,152.5,131,25.93,252.4,107,21.45,185.4,104,8.34,4.9,3,1.32,2,342,590.3,55.72,0.01,Dormant
101,510,0,0,0,0.0,0,0.0,192.1,119,16.33,168.8,95,7.6,7.2,4,1.94,1,214,360.9,23.93,0.16,Dormant
103,510,1,0,0,255.9,128,43.5,140.9,92,11.98,308.9,130,13.9,12.1,2,3.27,1,350,705.7,69.38000000000001,0.63,Loyal
96,415,0,0,0,276.9,105,47.07,246.9,94,20.99,254.4,107,11.45,10.3,3,2.78,1,306,778.1999999999999,79.51,0.98,At Risk
110,415,0,0,0,178.5,124,30.35,146.9,141,12.49,217.1,102,9.77,9.9,7,2.67,1,367,542.5,52.61,0.0,Dormant
64,415,0,0,0,224.8,111,38.22,190.0,101,16.15,221.4,110,9.96,9.2,2,2.48,1,322,636.2,64.33,0.04,Dormant
101,415,0,0,0,269.7,85,45.85,207.6,86,17.65,214.2,107,9.64,4.5,15,1.22,3,278,691.5,73.14,0.79,At Risk
158,510,0,0,0,175.9,105,29.9,188.3,88,16.01,188.3,98,8.47,11.0,6,2.97,1,291,552.5,54.379999999999995,0.02,Dormant
110,415,0,0,0,271.1,108,46.09,237.0,122,20.15,239.9,122,10.8,9.8,5,2.65,2,352,748.0,77.04,0.99,At Risk
121,510,0,1,26,170.4,91,28.97,254.5,90,21.63,219.6,122,9.88,15.1,5,4.08,0,303,644.5,60.48,0.07,Dormant
129,408,0,0,0,207.0,91,35.19,154.9,121,13.17,245.1,112,11.03,13.4,5,3.62,3,324,607.0,59.39,0.01,Dormant
91,408,0,0,0,133.7,75,22.73,195.3,87,16.6,280.5,89,12.62,5.9,2,1.59,0,251,609.5,51.949999999999996,0.02,Dormant
75,408,0,0,0,147.5,110,25.08,191.7,97,16.29,135.0,68,6.08,16.4,3,4.43,2,275,474.2,47.449999999999996,0.01,Dormant
107,415,0,1,37,60.0,102,10.2,102.2,80,8.69,261.8,106,11.78,11.1,3,3.0,0,288,424.0,30.67,0.02,Dormant
68,415,0,0,0,148.8,70,25.3,246.5,164,20.95,129.8,103,5.84,12.1,3,3.27,3,337,525.1,52.09,0.06,Dormant
88,415,0,0,0,202.2,86,34.37,216.8,93,18.43,239.4,99,10.77,11.8,2,3.19,2,278,658.4,63.56999999999999,0.01,Dormant
100,415,0,1,27,221.7,100,37.69,236.1,70,20.07,192.7,91,8.67,8.0,4,2.16,0,261,650.5,66.42999999999999,0.05,Dormant
64,415,0,0,0,97.2,80,16.52,186.2,90,15.83,189.0,92,8.5,10.4,6,2.81,2,262,472.4,40.85,0.0,Dormant
79,510,0,1,21,264.3,79,44.93,202.8,118,17.24,173.4,92,7.8,6.3,3,1.7,4,289,640.5,69.97,0.08,Dormant
130,415,0,0,0,242.5,101,41.23,102.8,114,8.74,142.4,89,6.41,9.3,2,2.51,2,304,487.70000000000005,56.379999999999995,0.01,Dormant
107,415,0,0,0,260.5,108,44.29,102.4,110,8.7,129.7,148,5.84,9.8,5,2.65,1,366,492.59999999999997,58.83,0.02,Dormant
139,510,0,1,23,157.6,129,26.79,247.0,96,21.0,259.2,112,11.66,13.7,2,3.7,0,337,663.8,59.45,0.08,Dormant
114,510,0,0,0,189.8,101,32.27,147.7,80,12.55,172.7,121,7.77,10.6,5,2.86,1,302,510.2,52.59,0.03,Dormant
132,415,0,1,31,174.5,101,29.67,245.6,105,20.88,172.8,76,7.78,10.3,9,2.78,1,282,592.9000000000001,58.33,0.0,Dormant
84,510,0,0,0,203.4,125,34.58,182.9,88,15.55,213.7,121,9.62,13.8,2,3.73,1,334,600.0,59.74999999999999,0.1,Dormant
63,415,0,0,0,278.0,102,47.26,266.4,114,22.64,224.1,118,10.08,13.1,4,3.54,4,334,768.5,79.98,0.93,At Risk
54,408,0,0,0,159.8,99,27.17,264.0,64,22.44,115.7,70,5.21,9.7,7,2.62,2,233,539.5,54.82,0.0,Dormant
74,415,0,1,32,174.6,107,29.68,310.6,115,26.4,234.7,92,10.56,9.0,4,2.43,1,314,719.9000000000001,66.64,0.03,Dormant
140,510,0,1,28,157.1,77,26.71,172.4,97,14.65,184.5,94,8.3,11.1,9,3.0,1,268,514.0,49.66,0.0,Dormant
202,510,0,0,0,115.4,137,19.62,178.7,70,15.19,185.7,113,8.36,6.0,3,1.62,3,320,479.8,43.17,0.07,Dormant
54,415,1,0,0,214.1,77,36.4,240.5,94,20.44,188.9,75,8.5,10.1,3,2.73,1,246,643.5,65.34,0.05,Dormant
131,510,0,0,0,153.4,86,26.08,198.5,81,16.87,164.4,83,7.4,10.4,3,2.81,0,250,516.3,50.35,0.01,Dormant
126,510,0,0,0,122.4,88,20.81,143.8,111,12.22,157.0,106,7.07,11.5,3,3.11,1,305,423.20000000000005,40.1,0.05,Dormant
95,415,0,1,22,40.9,126,6.95,133.4,90,11.34,264.2,91,11.89,11.9,7,3.21,0,307,438.5,30.18,0.01,Dormant
92,408,0,1,28,151.1,90,25.69,194.8,79,16.56,239.2,114,10.76,10.0,3,2.7,1,283,585.0999999999999,53.01,0.02,Dormant
128,415,0,0,0,148.5,105,25.25,243.0,106,20.66,255.2,114,11.48,6.8,2,1.84,1,325,646.7,57.39,0.01,Dormant
86,510,0,0,0,124.1,82,21.1,202.6,120,17.22,289.6,119,13.03,6.7,8,1.81,3,321,616.3,51.35,0.06,Dormant
16,510,0,0,0,144.8,84,24.62,164.9,141,14.02,231.5,75,10.42,8.2,4,2.21,2,300,541.2,49.06,0.1,Dormant
131,415,0,1,34,156.6,134,26.62,71.0,95,6.04,261.7,120,11.78,13.4,10,3.62,1,349,489.29999999999995,44.440000000000005,0.2,Dormant
76,408,0,0,0,173.2,93,29.44,131.2,80,11.15,170.9,104,7.69,5.4,3,1.46,0,277,475.29999999999995,48.28,0.03,Dormant
94,415,0,0,0,252.6,104,42.94,169.0,125,14.37,170.9,106,7.69,11.1,7,3.0,2,335,592.5,65.0,0.03,Dormant
111,510,0,0,0,197.1,117,33.51,227.8,128,19.36,214.0,101,9.63,9.3,11,2.51,0,346,638.9,62.5,0.02,Dormant
131,415,0,0,0,196.1,89,33.34,185.5,87,15.77,250.0,132,11.25,5.2,6,1.4,2,308,631.6,60.36,0.06,Dormant
96,415,0,1,21,247.6,95,42.09,256.3,150,21.79,158.6,72,7.14,10.8,6,2.92,2,317,662.5,71.02,0.23,Dormant
157,510,0,0,0,168.6,71,28.66,205.1,48,17.43,175.8,88,7.91,5.9,2,1.59,3,207,549.5,54.0,0.09,Dormant
127,408,0,0,0,182.3,124,30.99,169.9,110,14.44,184.0,116,8.28,9.3,3,2.51,1,350,536.2,53.71,0.02,Dormant
138,510,0,0,0,146.5,101,24.91,284.5,142,24.18,176.0,98,7.92,14.0,6,3.78,3,341,607.0,57.010000000000005,0.06,Dormant
224,510,1,0,0,171.5,99,29.16,160.0,103,13.6,212.4,102,9.56,5.0,2,1.35,1,304,543.9,52.32,0.68,Loyal
97,415,0,0,0,168.6,87,28.66,259.2,105,22.03,279.8,123,12.59,7.3,4,1.97,1,315,707.5999999999999,63.28,0.11,Dormant
82,415,0,1,19,146.5,73,24.91,246.4,65,20.94,199.0,114,8.96,4.1,4,1.11,1,252,591.9,54.81,0.03,Dormant
30,408,0,0,0,137.6,108,23.39,162.0,80,13.77,187.7,126,8.45,5.8,10,1.57,3,314,487.3,45.61,0.04,Dormant
124,510,0,1,37,161.2,109,27.4,204.2,79,17.36,231.5,87,10.42,8.9,4,2.4,1,275,596.9,55.18,0.0,Dormant
107,510,0,1,25,248.6,91,42.26,119.3,115,10.14,194.3,83,8.74,12.0,1,3.24,1,289,562.2,61.14,0.13,Dormant
68,408,0,0,0,131.6,89,22.37,137.0,109,11.65,256.3,107,11.53,10.2,5,2.75,3,305,524.9000000000001,45.550000000000004,0.03,Dormant
73,415,0,0,0,198.3,94,33.71,279.3,101,23.74,146.2,87,6.58,14.8,8,4.0,3,282,623.8,64.03,0.02,Dormant
136,415,0,1,21,179.4,88,30.5,181.1,97,15.39,320.7,120,14.43,9.5,4,2.57,2,305,681.2,60.32,0.12,Dormant
165,415,0,0,0,207.7,109,35.31,164.8,94,14.01,54.5,91,2.45,7.9,3,2.13,0,294,427.0,51.77,0.06,Dormant
81,408,0,0,0,166.2,102,28.25,217.6,112,18.5,220.2,68,9.91,13.2,2,3.56,4,282,604.0,56.66,0.1,Dormant
90,415,0,0,0,76.1,121,12.94,290.3,73,24.68,236.9,89,10.66,10.8,3,2.92,0,283,603.3,48.28,0.0,Dormant
89,408,0,0,0,105.9,151,18.0,189.6,142,16.12,170.9,67,7.69,12.7,7,3.43,0,360,466.4,41.81,0.14,Dormant
68,415,0,0,0,232.4,76,39.51,153.3,103,13.03,214.6,107,9.66,10.5,2,2.84,1,286,600.3000000000001,62.2,0.07,Dormant
39,408,0,0,0,60.4,158,10.27,306.2,120,26.03,123.9,46,5.58,12.4,3,3.35,1,324,490.5,41.879999999999995,0.14,Dormant
92,415,0,0,0,154.0,122,26.18,329.8,88,28.03,288.0,117,12.96,5.6,2,1.51,3,327,771.8,67.17,0.07,Dormant
138,510,1,0,0,196.2,129,33.35,176.5,86,15.0,232.4,108,10.46,15.2,1,4.1,0,323,605.1,58.81,0.92,At Risk
103,415,0,0,0,198.5,112,33.75,42.5,90,3.61,179.2,124,8.06,12.4,5,3.35,0,326,420.2,45.42,0.03,Dormant
120,510,0,0,0,198.8,56,33.8,230.1,73,19.56,119.8,81,5.39,9.9,3,2.67,2,210,548.6999999999999,58.75,0.02,Dormant
180,510,0,0,0,139.0,96,23.63,224.9,64,19.12,170.8,118,7.69,15.7,5,4.24,2,278,534.7,50.44,0.13,Dormant
101,415,0,1,42,209.2,82,35.56,159.7,74,13.57,181.6,100,8.17,9.5,3,2.57,0,256,550.5,57.300000000000004,0.06,Dormant
117,415,0,0,0,201.9,86,34.32,212.3,96,18.05,176.9,98,7.96,7.8,10,2.11,1,280,591.1,60.330000000000005,0.01,Dormant
40,510,1,0,0,170.7,55,29.02,179.1,108,15.22,281.9,89,12.69,8.2,9,2.21,3,252,631.6999999999999,56.93,0.12,Dormant
161,510,0,1,38,240.4,112,40.87,201.8,102,17.15,206.1,112,9.27,16.1,6,4.35,0,326,648.3000000000001,67.28999999999999,0.24,Dormant
75,415,0,1,39,198.2,107,33.69,280.4,132,23.83,129.6,73,5.83,11.3,7,3.05,1,312,608.1999999999999,63.349999999999994,0.02,Dormant
160,415,0,0,0,174.3,105,29.63,171.3,107,14.56,220.8,131,9.94,8.3,2,2.24,0,343,566.4000000000001,54.129999999999995,0.03,Dormant
95,415,0,0,0,69.4,79,11.8,190.8,109,16.22,219.9,102,9.9,8.9,5,2.4,0,290,480.1,37.92,0.03,Dormant
76,415,0,0,0,224.4,121,38.15,147.9,97,12.57,183.8,74,8.27,6.7,2,1.81,2,292,556.1,58.989999999999995,0.05,Dormant
74,415,0,0,0,85.7,83,14.57,247.7,67,21.05,142.4,85,6.41,10.1,5,2.73,2,235,475.79999999999995,42.03,0.04,Dormant
106,510,1,0,0,204.0,84,34.68,168.5,61,14.32,164.0,102,7.38,13.3,3,3.59,3,247,536.5,56.38,0.78,At Risk
70,415,0,0,0,213.4,86,36.28,204.7,77,17.4,256.6,101,11.55,5.7,4,1.54,1,264,674.7,65.23,0.04,Dormant
142,510,0,1,40,237.4,105,40.36,175.9,93,14.95,210.3,110,9.46,9.2,3,2.48,3,308,623.6,64.77000000000001,0.03,Dormant
112,415,0,0,0,335.5,77,57.04,212.5,109,18.06,265.0,132,11.93,12.7,8,3.43,2,318,813.0,87.03,0.97,At Risk
110,510,0,0,0,208.0,69,35.36,95.1,94,8.08,178.5,129,8.03,8.0,11,2.16,1,292,481.6,51.47,0.08,Dormant
114,510,0,1,28,225.8,94,38.39,193.0,117,16.41,232.4,100,10.46,8.4,9,2.27,4,311,651.2,65.25999999999999,0.06,Dormant
89,408,0,0,0,197.1,110,33.51,165.9,115,14.1,227.3,106,10.23,12.8,3,3.46,1,331,590.3,57.84,0.02,Dormant
78,415,0,0,0,149.7,119,25.45,182.2,115,15.49,261.5,126,11.77,9.7,8,2.62,0,360,593.4,52.709999999999994,0.0,Dormant
96,408,0,1,26,145.8,108,24.79,192.2,89,16.34,165.1,96,7.43,9.9,2,2.67,1,293,503.1,48.559999999999995,0.01,Dormant
4,510,1,0,0,145.3,89,24.7,303.8,93,25.82,206.1,82,9.27,8.9,4,2.4,0,264,655.2,59.78999999999999,0.09,Dormant
86,415,0,1,30,99.9,84,16.98,263.5,125,22.4,254.7,90,11.46,9.8,7,2.65,2,299,618.0999999999999,50.839999999999996,0.03,Dormant
103,415,0,0,0,70.9,134,12.05,134.5,112,11.43,168.8,164,7.6,12.0,6,3.24,2,410,374.20000000000005,31.08,0.03,Dormant
74,415,0,1,35,154.1,104,26.2,123.4,84,10.49,202.1,57,9.09,10.9,9,2.94,2,245,479.6,45.78,0.01,Dormant
131,415,0,1,25,192.7,85,32.76,225.9,105,19.2,254.2,59,11.44,10.9,6,2.94,2,249,672.8,63.39999999999999,0.02,Dormant
126,415,1,1,34,244.9,118,41.63,219.6,105,18.67,210.8,136,9.49,9.7,6,2.62,4,359,675.3,69.79,0.14,Dormant
185,510,0,1,31,189.8,126,32.27,163.3,133,13.88,264.8,126,11.92,7.5,3,2.03,1,385,617.9000000000001,58.07000000000001,0.11,Dormant
61,415,0,0,0,197.3,67,33.54,264.5,106,22.48,210.5,116,9.47,9.0,6,2.43,1,289,672.3,65.49,0.01,Dormant
124,415,0,0,0,167.4,119,28.46,233.2,143,19.82,109.6,115,4.93,10.3,5,2.78,0,377,510.20000000000005,53.21,0.06,Dormant
123,415,0,0,0,175.7,78,29.87,184.6,96,15.69,156.9,92,7.06,9.1,2,2.46,2,266,517.1999999999999,52.620000000000005,0.02,Dormant
3,408,0,0,0,139.0,99,23.63,250.7,108,21.31,286.2,87,12.88,6.1,3,1.65,4,294,675.9,57.82,0.22,Dormant
95,510,0,0,0,142.5,109,24.23,176.1,107,14.97,189.6,88,8.53,8.2,3,2.21,2,304,508.20000000000005,47.730000000000004,0.0,Dormant
109,510,0,0,0,175.4,125,29.82,250.7,87,21.31,289.3,74,13.02,9.8,9,2.65,1,286,715.4000000000001,64.14999999999999,0.01,Dormant
192,415,0,1,36,156.2,77,26.55,215.5,126,18.32,279.1,83,12.56,9.9,6,2.67,2,286,650.8,57.43000000000001,0.06,Dormant
78,408,0,0,0,108.6,108,18.46,209.9,126,17.84,222.6,117,10.02,7.9,5,2.13,1,351,541.1,46.31999999999999,0.01,Dormant
167,415,0,0,0,166.4,85,28.29,243.2,135,20.67,229.2,95,10.31,9.9,5,2.67,1,315,638.8,59.27,0.01,Dormant
201,510,0,0,0,212.7,72,36.16,225.2,90,19.14,195.1,99,8.78,7.0,6,1.89,1,261,633.0,64.08,0.03,Dormant
87,510,0,0,0,234.8,85,39.92,140.9,91,11.98,204.3,93,9.19,9.5,5,2.57,1,269,580.0,61.09,0.02,Dormant
174,415,0,0,0,124.3,76,21.13,277.1,112,23.55,250.7,115,11.28,15.5,5,4.19,3,303,652.1,55.96,0.07,Dormant
114,415,1,1,31,174.5,104,29.67,224.2,92,19.06,116.3,91,5.23,12.3,10,3.32,2,287,515.0,53.96000000000001,0.1,Dormant
59,408,0,0,0,150.2,70,25.53,185.7,98,15.78,212.5,128,9.56,12.1,2,3.27,1,296,548.4,50.870000000000005,0.05,Dormant
56,408,0,0,0,221.9,112,37.72,278.2,122,23.65,288.1,85,12.96,7.1,5,1.92,0,319,788.2,74.33,0.7,Loyal
77,415,0,0,0,221.8,84,37.71,166.0,125,14.11,210.2,72,9.46,13.2,4,3.56,1,281,598.0,61.28,0.04,Dormant
39,408,0,0,0,154.1,104,26.2,204.2,112,17.36,196.2,92,8.83,9.8,4,2.65,2,308,554.5,52.39,0.0,Dormant
101,415,0,1,36,123.7,125,21.03,172.6,106,14.67,280.5,127,12.62,8.8,4,2.38,1,358,576.8,48.32,0.08,Dormant
113,408,1,0,0,125.2,93,21.28,206.4,119,17.54,129.3,139,5.82,8.3,8,2.24,0,351,460.90000000000003,44.64,0.25,Dormant
69,510,0,0,0,135.4,101,23.02,238.1,124,20.24,195.6,102,8.8,10.6,2,2.86,1,327,569.1,52.06,0.01,Dormant
42,408,0,0,0,241.2,134,41.0,116.5,114,9.9,152.2,91,6.85,10.6,4,2.86,0,339,509.9,57.75,0.01,Dormant
113,415,0,1,30,183.8,102,31.25,183.4,123,15.59,235.0,52,10.58,11.6,7,3.13,0,277,602.2,57.42,0.04,Dormant
136,415,0,0,0,92.4,109,15.71,219.0,115,18.62,212.6,80,9.57,12.9,4,3.48,2,304,524.0,43.9,0.01,Dormant
75,510,0,0,0,226.1,105,38.44,201.5,107,17.13,246.2,98,11.08,10.3,5,2.78,1,310,673.8,66.64999999999999,0.04,Dormant
16,415,1,0,0,110.0,91,18.7,147.3,75,12.52,190.5,73,8.57,6.4,7,1.73,0,239,447.8,39.79,0.16,Dormant
100,415,0,1,29,213.6,127,36.31,175.9,82,14.95,207.2,100,9.32,8.9,3,2.4,1,309,596.7,60.580000000000005,0.07,Dormant
98,408,0,1,21,64.6,98,10.98,176.1,86,14.97,244.8,84,11.02,0.0,0,0.0,2,268,485.5,36.97,0.04,Dormant
73,408,0,0,0,94.9,121,16.13,253.2,83,21.52,175.1,86,7.88,14.2,2,3.83,2,290,523.2,45.53,0.02,Dormant
38,415,0,1,31,197.2,118,33.52,249.9,70,21.24,298.9,104,13.45,3.9,2,1.05,0,292,746.0,68.21000000000001,0.08,Dormant
104,415,0,0,0,264.0,108,44.88,132.2,75,11.24,177.7,91,8.0,10.6,8,2.86,3,274,573.9,64.12,0.06,Dormant
105,415,0,0,0,259.3,96,44.08,175.2,97,14.89,222.4,36,10.01,12.0,5,3.24,3,229,656.9,68.98,0.08,Dormant
99,415,0,0,0,62.9,81,10.69,231.0,64,19.64,168.9,121,7.6,8.5,5,2.3,1,266,462.79999999999995,37.93,0.1,Dormant
32,408,0,1,26,266.7,109,45.34,232.3,107,19.75,212.8,98,9.58,16.3,4,4.4,1,314,711.8,74.67,0.31,Loyal
68,510,0,0,0,157.3,83,26.74,220.9,85,18.78,218.9,129,9.85,12.0,7,3.24,1,297,597.1,55.37,0.02,Dormant
127,408,0,0,0,102.8,128,17.48,143.7,95,12.21,191.4,97,8.61,10.0,5,2.7,1,320,437.9,38.3,0.0,Dormant
25,408,0,0,0,264.9,80,45.03,281.2,66,23.9,166.1,80,7.47,8.4,4,2.27,1,226,712.1999999999999,76.4,0.9,At Risk
100,510,0,0,0,142.5,87,24.23,195.7,88,16.63,122.1,117,5.49,7.8,8,2.11,2,292,460.29999999999995,46.35,0.03,Dormant
93,415,1,1,20,187.5,110,31.88,169.8,94,14.43,175.3,127,7.89,12.1,4,3.27,1,331,532.6,54.2,0.14,Dormant
140,415,0,0,0,125.3,84,21.3,167.6,121,14.25,260.6,94,11.73,8.4,4,2.27,1,299,553.5,47.28,0.04,Dormant
46,415,0,0,0,124.8,133,21.22,157.3,143,13.37,199.3,72,8.97,8.6,4,2.32,2,348,481.40000000000003,43.559999999999995,0.03,Dormant
62,415,0,0,0,147.1,91,25.01,190.4,107,16.18,195.2,115,8.78,12.2,3,3.29,0,313,532.7,49.97,0.02,Dormant
87,408,0,0,0,237.2,124,40.32,222.6,87,18.92,173.3,81,7.8,11.0,3,2.97,1,292,633.0999999999999,67.04,0.01,Dormant
123,415,0,1,22,197.6,105,33.59,80.0,86,6.8,120.8,82,5.44,15.6,12,4.21,2,273,398.40000000000003,45.83,0.05,Dormant
33,510,0,1,35,161.9,85,27.52,151.2,82,12.85,191.0,131,8.59,8.5,2,2.3,1,298,504.1,48.959999999999994,0.11,Dormant
11,408,0,1,24,131.5,98,22.36,230.2,111,19.57,283.7,87,12.77,10.0,3,2.7,2,296,645.4,54.7,0.04,Dormant
167,510,0,0,0,207.6,88,35.29,132.4,63,11.25,255.2,98,11.48,14.1,5,3.81,0,249,595.2,58.019999999999996,0.05,Dormant
103,510,1,0,0,171.7,78,29.19,144.5,86,12.28,157.9,106,7.11,6.8,3,1.84,3,270,474.1,48.58,0.09,Dormant
149,415,0,0,0,156.0,56,26.52,56.0,116,4.76,163.3,104,7.35,8.9,8,2.4,0,276,375.3,38.63,0.09,Dormant
127,415,0,0,0,202.1,103,34.36,229.4,86,19.5,195.2,113,8.78,11.5,3,3.11,2,302,626.7,62.64,0.0,Dormant
169,415,0,0,0,100.8,112,17.14,230.0,69,19.55,193.6,95,8.71,9.5,2,2.57,0,276,524.4,45.4,0.04,Dormant
148,408,0,1,25,230.7,102,39.22,233.8,109,19.87,215.8,90,9.71,13.5,2,3.65,3,301,680.3,68.80000000000001,0.16,Dormant
94,408,0,0,0,174.0,85,29.58,241.1,114,20.49,207.8,94,9.35,7.9,1,2.13,1,293,622.9000000000001,59.419999999999995,0.02,Dormant
37,510,0,0,0,239.9,120,40.78,261.6,88,22.24,207.1,88,9.32,8.9,4,2.4,2,296,708.6,72.34,0.87,At Risk
135,415,0,0,0,201.8,81,34.31,225.0,114,19.13,204.4,82,9.2,10.3,6,2.78,1,277,631.2,62.64,0.04,Dormant
98,408,0,1,19,110.5,87,18.79,227.8,97,19.36,243.6,84,10.96,11.0,4,2.97,1,268,581.9,49.11,0.02,Dormant
109,510,1,0,0,209.1,141,35.55,205.0,93,17.43,119.4,111,5.37,7.8,3,2.11,2,345,533.5,58.349999999999994,0.07,Dormant
54,415,1,0,0,190.5,108,32.39,259.7,108,22.07,141.5,111,6.37,9.7,2,2.62,2,327,591.7,60.83,0.63,Loyal
117,415,0,0,0,144.6,115,24.58,258.8,66,22.0,253.2,113,11.39,7.4,9,2.0,2,294,656.5999999999999,57.97,0.01,Dormant
78,415,0,0,0,109.5,105,18.62,286.1,90,24.32,247.6,113,11.14,4.9,9,1.32,1,308,643.2,54.08,0.01,Dormant
113,510,0,0,0,81.3,116,13.82,220.6,124,18.75,235.7,113,10.61,8.9,3,2.4,0,353,537.5999999999999,43.18,0.06,Dormant
84,415,0,0,0,159.0,80,27.03,167.9,128,14.27,167.6,101,7.54,12.3,5,3.32,1,309,494.5,48.839999999999996,0.02,Dormant
120,415,0,1,39,200.3,68,34.05,220.4,97,18.73,253.8,116,11.42,10.5,4,2.84,0,281,674.5,64.2,0.04,Dormant
112,415,0,0,0,170.5,113,28.99,193.2,129,16.42,188.0,91,8.46,11.2,6,3.02,0,333,551.7,53.87,0.02,Dormant
90,415,0,0,0,193.7,83,32.93,154.2,79,13.11,299.0,60,13.46,12.7,3,3.43,1,222,646.9,59.5,0.05,Dormant
154,408,0,1,35,224.0,102,38.08,192.0,99,16.32,163.1,100,7.34,9.6,2,2.59,0,301,579.1,61.739999999999995,0.06,Dormant
78,408,0,0,0,75.0,116,12.75,248.7,87,21.14,176.0,83,7.92,9.5,6,2.57,3,286,499.7,41.81,0.02,Dormant
93,408,0,0,0,267.9,114,45.54,223.0,74,18.96,262.7,90,11.82,11.3,3,3.05,3,278,753.5999999999999,76.32,0.96,At Risk
118,408,1,1,39,153.8,106,26.15,123.3,111,10.48,117.8,103,5.3,9.2,6,2.48,1,320,394.90000000000003,41.92999999999999,0.15,Dormant
52,415,0,0,0,165.5,78,28.14,205.5,89,17.47,213.6,124,9.61,12.2,6,3.29,0,291,584.6,55.22,0.01,Dormant
125,408,0,1,23,120.5,104,20.49,227.8,115,19.36,158.5,100,7.13,10.2,3,2.75,1,319,506.8,46.98,0.07,Dormant
103,415,0,0,0,189.8,110,32.27,115.5,83,9.82,191.3,103,8.61,12.2,4,3.29,0,296,496.6,50.7,0.01,Dormant
117,415,0,1,23,198.1,86,33.68,177.0,86,15.05,180.5,92,8.12,6.8,6,1.84,1,264,555.6,56.85,0.0,Dormant
98,415,0,1,38,213.7,61,36.33,253.0,104,21.51,207.7,73,9.35,10.7,5,2.89,2,238,674.4,67.19,0.06,Dormant
104,415,0,1,18,182.1,66,30.96,213.6,65,18.16,193.0,108,8.69,13.4,9,3.62,2,239,588.7,57.81,0.06,Dormant
87,415,0,0,0,205.2,106,34.88,99.5,122,8.46,189.5,75,8.53,13.4,3,3.62,1,303,494.2,51.870000000000005,0.04,Dormant
120,415,0,0,0,221.3,106,37.62,267.6,98,22.75,111.5,80,5.02,9.3,7,2.51,0,284,600.4000000000001,65.39,0.02,Dormant
74,415,0,1,25,194.6,84,33.08,119.9,103,10.19,175.5,75,7.9,13.1,2,3.54,2,262,490.0,51.169999999999995,0.03,Dormant
143,510,0,0,0,202.8,109,34.48,165.8,104,14.09,143.9,71,6.48,4.6,4,1.24,1,284,512.5,55.05,0.1,Dormant
160,415,0,0,0,234.9,136,39.93,270.8,134,23.02,219.3,101,9.87,13.9,2,3.75,1,371,725.0,72.82000000000001,0.86,At Risk
141,415,0,1,32,322.4,92,54.81,283.2,107,24.07,209.5,111,9.43,6.7,3,1.81,1,310,815.0999999999999,88.31,0.16,Dormant
99,415,0,0,0,222.4,102,37.81,185.8,89,15.79,237.7,81,10.7,12.0,8,3.24,2,272,645.9000000000001,64.3,0.03,Dormant
130,415,0,1,45,174.5,120,29.67,217.5,95,18.49,220.3,67,9.91,12.2,2,3.29,1,282,612.3,58.06999999999999,0.07,Dormant
25,415,0,0,0,134.3,98,22.83,202.3,109,17.2,195.9,100,8.82,12.6,5,3.4,2,307,532.5,48.85,0.03,Dormant
141,510,0,1,36,187.5,99,31.88,241.4,116,20.52,229.5,105,10.33,10.5,5,2.84,3,320,658.4,62.73,0.04,Dormant
99,415,0,0,0,174.1,102,29.6,99.1,118,8.42,211.6,126,9.52,7.7,2,2.08,2,346,484.79999999999995,47.540000000000006,0.03,Dormant
177,415,0,0,0,232.8,106,39.58,175.2,97,14.89,212.2,77,9.55,12.5,7,3.38,2,280,620.2,64.02,0.09,Dormant
28,415,0,0,0,159.7,79,27.15,216.7,131,18.42,206.7,116,9.3,9.3,3,2.51,2,326,583.0999999999999,54.870000000000005,0.02,Dormant
155,510,0,0,0,165.4,108,28.12,183.7,103,15.61,80.2,108,3.61,8.9,4,2.4,3,319,429.3,47.34,0.03,Dormant
95,510,1,1,41,136.8,91,23.26,200.8,61,17.07,133.7,67,6.02,10.3,9,2.78,5,219,471.3,46.349999999999994,0.72,At Risk
84,408,0,1,41,153.9,102,26.16,140.7,117,11.96,217.7,101,9.8,12.8,5,3.46,1,320,512.3,47.92,0.0,Dormant
108,510,0,0,0,293.0,88,49.81,160.6,101,13.65,143.9,87,6.48,10.0,6,2.7,2,276,597.5,69.94,0.14,Dormant
96,510,0,1,31,183.4,126,31.18,195.5,106,16.62,180.1,93,8.1,10.5,5,2.84,1,325,559.0,55.9,0.03,Dormant
143,408,0,1,22,141.8,116,24.11,167.3,99,14.22,178.1,130,8.01,7.8,3,2.11,1,345,487.20000000000005,46.339999999999996,0.04,Dormant
16,510,0,0,0,153.2,65,26.04,229.7,90,19.52,148.2,94,6.67,10.7,8,2.89,1,249,531.0999999999999,52.230000000000004,0.03,Dormant
163,408,0,1,23,224.0,126,38.08,233.5,89,19.85,293.9,104,13.23,8.8,4,2.38,1,319,751.4,71.16,0.07,Dormant
101,415,0,1,33,219.7,137,37.35,186.8,94,15.88,184.5,113,8.3,9.5,2,2.57,2,344,591.0,61.53,0.1,Dormant
81,415,0,1,24,130.1,117,22.12,196.0,61,16.66,139.3,123,6.27,11.4,5,3.08,0,301,465.40000000000003,45.05,0.05,Dormant
123,415,0,1,34,305.2,80,51.88,156.5,109,13.3,280.0,81,12.6,13.2,7,3.56,1,270,741.7,77.78,0.13,Dormant
171,415,0,1,25,223.2,77,37.94,183.2,118,15.57,150.8,90,6.79,10.2,3,2.75,3,285,557.2,60.3,0.04,Dormant
103,408,0,0,0,160.8,91,27.34,155.8,82,13.24,254.3,103,11.44,8.5,3,2.3,1,276,570.9000000000001,52.019999999999996,0.03,Dormant
171,510,0,0,0,189.8,122,32.27,173.7,85,14.76,257.1,84,11.57,10.3,1,2.78,0,291,620.6,58.6,0.05,Dormant
90,415,0,0,0,203.4,146,34.58,226.7,117,19.27,152.4,105,6.86,7.3,4,1.97,1,368,582.5,60.709999999999994,0.03,Dormant
119,415,0,0,0,159.1,114,27.05,231.3,117,19.66,143.2,91,6.44,8.8,3,2.38,5,322,533.5999999999999,53.15,0.75,At Risk
71,415,0,1,39,183.2,103,31.14,209.4,111,17.8,172.4,109,7.76,11.9,6,3.21,1,323,565.0,56.699999999999996,0.0,Dormant
91,415,0,0,0,153.0,123,26.01,141.1,127,11.99,171.5,76,7.72,10.3,15,2.78,1,326,465.6,45.72,0.09,Dormant
86,510,0,1,16,144.8,105,24.62,206.2,111,17.53,255.4,117,11.49,11.6,2,3.13,4,333,606.4,53.64000000000001,0.57,Loyal
95,510,0,0,0,58.2,96,9.89,202.1,126,17.18,210.5,97,9.47,10.4,5,2.81,0,319,470.8,36.54,0.03,Dormant
101,415,0,1,21,238.0,88,40.46,209.6,84,17.82,233.0,95,10.49,10.0,5,2.7,2,267,680.6,68.77,0.02,Dormant
127,510,1,0,0,247.5,99,42.08,108.5,118,9.22,232.0,72,10.44,10.6,3,2.86,2,289,588.0,61.739999999999995,0.13,Dormant
70,510,0,0,0,147.1,105,25.01,200.0,135,17.0,234.9,65,10.57,12.5,9,3.38,3,305,582.0,52.580000000000005,0.04,Dormant
142,415,0,1,26,220.5,94,37.49,239.5,126,20.36,254.3,109,11.44,5.9,9,1.59,2,329,714.3,69.29,0.05,Dormant
81,408,0,1,46,168.3,124,28.61,270.9,103,23.03,222.5,98,10.01,6.7,2,1.81,4,325,661.7,61.65,0.16,Dormant
44,415,1,0,0,62.3,92,10.59,275.0,82,23.38,138.7,108,6.24,10.8,3,2.92,1,282,476.0,40.21,0.24,Dormant
181,510,0,1,40,105.2,61,17.88,341.3,79,29.01,165.7,97,7.46,6.3,3,1.7,2,237,612.2,54.35,0.16,Dormant
3,415,0,0,0,185.0,120,31.45,203.7,129,17.31,170.5,89,7.67,14.1,3,3.81,3,338,559.2,56.43,0.05,Dormant
116,415,0,0,0,217.3,91,36.94,216.1,95,18.37,148.1,76,6.66,11.3,3,3.05,2,262,581.5,61.97,0.0,Dormant
95,415,0,0,0,229.9,116,39.08,202.4,110,17.2,171.4,105,7.71,14.2,6,3.83,1,331,603.7,63.99,0.06,Dormant
19,510,0,0,0,259.4,116,44.1,269.7,109,22.92,175.3,130,7.89,9.5,3,2.57,1,355,704.3999999999999,74.91000000000001,0.9,At Risk
81,510,0,0,0,154.5,84,26.27,216.2,91,18.38,229.8,82,10.34,13.7,3,3.7,1,257,600.5,54.989999999999995,0.06,Dormant
148,408,0,1,33,241.7,84,41.09,165.8,84,14.09,160.6,80,7.23,11.3,3,3.05,1,248,568.1,62.41000000000001,0.05,Dormant
124,510,1,0,0,157.8,71,26.83,203.2,114,17.27,168.7,82,7.59,10.0,2,2.7,3,267,529.7,51.69,0.71,At Risk
89,510,0,0,0,137.9,96,23.44,192.6,63,16.37,255.7,125,11.51,11.0,5,2.97,1,284,586.2,51.32,0.04,Dormant
124,415,0,0,0,160.9,109,27.35,144.2,152,12.26,120.4,97,5.42,12.9,12,3.48,1,358,425.5,45.03,0.05,Dormant
162,408,0,0,0,217.6,87,36.99,279.0,71,23.72,250.7,65,11.28,10.4,4,2.81,2,223,747.3,71.99,0.66,Loyal
118,510,0,1,35,256.3,119,43.57,258.1,91,21.94,215.5,130,9.7,11.7,1,3.16,1,340,729.9000000000001,75.21000000000001,0.24,Dormant
17,415,1,0,0,162.8,118,27.68,229.6,91,19.52,332.7,94,14.97,13.6,3,3.67,0,303,725.0999999999999,62.17,0.75,At Risk
172,408,0,0,0,270.0,102,45.9,256.6,111,21.81,168.5,104,7.58,12.0,5,3.24,2,317,695.1,75.28999999999999,0.97,At Risk
32,415,0,1,31,232.8,97,39.58,183.5,111,15.6,206.8,111,9.31,13.0,2,3.51,0,319,623.1,64.49,0.07,Dormant
77,415,0,1,33,143.0,101,24.31,212.2,102,18.04,104.9,120,4.72,15.3,4,4.13,5,323,460.1,47.06999999999999,0.74,At Risk
2,415,1,0,0,132.1,42,22.46,138.9,88,11.81,192.6,119,8.67,9.1,1,2.46,2,249,463.6,42.940000000000005,0.62,Loyal
129,510,0,1,30,177.3,95,30.14,211.8,102,18.0,240.2,108,10.81,9.3,7,2.51,3,305,629.3,58.95,0.01,Dormant
131,510,0,0,0,263.4,123,44.78,151.9,74,12.91,218.5,101,9.83,10.7,2,2.89,2,298,633.8,67.52,0.08,Dormant
104,415,0,0,0,130.5,77,22.19,131.2,117,11.15,264.7,63,11.91,13.0,6,3.51,0,257,526.4,45.25,0.08,Dormant
76,415,0,0,0,179.2,85,30.46,222.9,66,18.95,188.2,113,8.47,12.4,2,3.35,0,264,590.3,57.879999999999995,0.1,Dormant
162,415,0,0,0,135.2,98,22.98,242.0,107,20.57,246.9,96,11.11,10.2,2,2.75,2,301,624.1,54.66,0.03,Dormant
76,415,0,0,0,263.4,148,44.78,230.3,69,19.58,170.6,101,7.68,11.4,5,3.08,1,318,664.3,72.03999999999999,0.64,Loyal
133,510,0,0,0,295.0,141,50.15,223.6,101,19.01,229.4,109,10.32,12.9,4,3.48,2,351,748.0,79.47999999999999,1.0,At Risk
73,408,0,0,0,187.3,118,31.84,239.7,90,20.37,167.5,108,7.54,15.1,2,4.08,1,316,594.5,59.75,0.02,Dormant
134,415,0,0,0,164.9,115,28.03,126.5,96,10.75,238.5,125,10.73,10.0,9,2.7,2,336,529.9,49.510000000000005,0.02,Dormant
135,415,1,0,0,186.0,107,31.62,66.0,94,5.61,213.1,105,9.59,12.9,4,3.48,1,306,465.1,46.82000000000001,0.21,Dormant
163,408,0,1,25,219.6,99,37.33,210.4,99,17.88,242.7,88,10.92,13.8,8,3.73,2,286,672.7,66.13,0.09,Dormant
131,415,0,0,0,175.1,73,29.77,171.9,116,14.61,131.1,94,5.9,7.3,6,1.97,1,283,478.1,50.279999999999994,0.01,Dormant
15,510,1,0,0,141.4,80,24.04,123.9,76,10.53,323.5,88,14.56,8.1,3,2.19,2,244,588.8,49.13,0.16,Dormant
119,408,0,0,0,294.2,100,50.01,232.5,53,19.76,195.0,64,8.78,9.0,1,2.43,0,217,721.7,78.55,0.94,At Risk
100,510,0,0,0,78.7,98,13.38,225.6,102,19.18,150.4,106,6.77,14.0,8,3.78,0,306,454.70000000000005,39.33,0.09,Dormant
141,415,0,1,32,148.6,91,25.26,131.1,97,11.14,219.4,142,9.87,10.1,1,2.73,1,330,499.1,46.27,0.03,Dormant
72,510,0,0,0,138.9,111,23.61,211.6,102,17.99,179.5,91,8.08,10.8,3,2.92,1,304,530.0,49.67999999999999,0.01,Dormant
151,415,0,0,0,118.9,128,20.21,278.3,65,23.66,194.8,61,8.77,13.2,10,3.56,2,254,592.0,52.64,0.07,Dormant
173,510,0,1,21,232.4,96,39.51,211.9,118,18.01,273.0,102,12.29,5.0,5,1.35,3,316,717.3,69.81,0.13,Dormant
125,408,0,0,0,229.3,103,38.98,177.4,126,15.08,189.3,95,8.52,12.0,8,3.24,1,324,596.0,62.58,0.03,Dormant
88,408,0,1,28,190.6,104,32.4,237.3,105,20.17,211.6,116,9.52,9.8,1,2.65,2,325,639.5,62.09,0.0,Dormant
155,408,0,1,21,195.9,91,33.3,213.9,84,18.18,88.2,111,3.97,8.6,4,2.32,0,286,498.0,55.449999999999996,0.05,Dormant
165,408,0,0,0,156.0,88,26.52,276.1,81,23.47,175.9,94,7.92,9.3,5,2.51,1,263,608.0,57.91,0.05,Dormant
160,415,0,0,0,206.3,66,35.07,241.1,109,20.49,227.8,102,10.25,11.7,6,3.16,0,277,675.2,65.81,0.04,Dormant
65,510,0,0,0,195.4,110,33.22,181.2,109,15.4,178.5,105,8.03,8.9,4,2.4,0,324,555.1,56.65,0.04,Dormant
129,415,0,0,0,157.0,113,26.69,256.9,97,21.84,185.5,126,8.35,12.1,2,3.27,2,336,599.4,56.88,0.02,Dormant
57,510,0,0,0,154.2,78,26.21,196.7,85,16.72,253.5,97,11.41,10.1,9,2.73,1,260,604.4,54.34,0.02,Dormant
150,415,0,0,0,136.6,112,23.22,209.4,81,17.8,161.1,78,7.25,12.2,2,3.29,4,271,507.1,48.269999999999996,0.92,At Risk
157,510,0,0,0,185.1,92,31.47,213.0,85,18.11,196.1,85,8.82,8.5,5,2.3,2,262,594.2,58.4,0.0,Dormant
116,408,0,1,19,155.7,104,26.47,185.4,118,15.76,192.7,116,8.67,8.2,2,2.21,3,338,533.8,50.9,0.04,Dormant
148,415,0,1,26,158.7,91,26.98,160.5,127,13.64,218.3,88,9.82,9.9,3,2.67,1,306,537.5,50.440000000000005,0.03,Dormant
75,510,0,1,27,117.5,102,19.98,206.8,127,17.58,194.4,114,8.75,4.2,7,1.13,3,343,518.7,46.31,0.04,Dormant
104,415,0,0,0,164.2,109,27.91,155.4,90,13.21,168.9,117,7.6,10.7,8,2.89,1,316,488.5,48.720000000000006,0.03,Dormant
